a2m/Benjamin Gerardin/ballad.a2m	A2M	9	-1.0	-12.8
a2m/Benjamin Gerardin/boss8.a2m	A2M	9	0.2	-7.6
a2m/Benjamin Gerardin/fmaven94.a2m	A2M	9	-0.7	-13.1
a2m/Benjamin Gerardin/global alternative trance.a2m	A2M	9	0.0	-10.8
a2m/Benjamin Gerardin/recherche de sons.a2m	A2M	9	-2.6	-14.2
a2m/Benjamin Gerardin/sonic.a2m	A2M	9	-1.2	-16.0
a2m/Benjamin Gerardin/this is new jack daniel's!.a2m	A2M	9	-1.1	-18.1
a2m/Benjamin Gerardin/ultra debil oup trop fort.a2m	A2M	9	0.0	-11.2
a2m/Brendan Bailey/15 minute compo trial.a2m	A2M	18	0.0	-11.5
a2m/Brendan Bailey/evil sounding loop.a2m	A2M	18	0.2	-8.2
a2m/Brendan Bailey/frozen over heck.a2m	A2M	18	-0.1	-14.2
a2m/Brendan Bailey/oblivion blast.a2m	A2M	18	0.3	-8.5
a2m/Brendan Bailey/race through cyberspace (revised edition).a2m	A2M	18	0.3	-9.9
a2m/Brendan Bailey/thee chiptune.a2m	A2M	18	0.1	-12.1
a2m/Brendan Bailey/twisted paradise.a2m	A2M	18	0.2	-11.8
a2m/Diode Milliampere/milinda.a2m	A2M	18	-11.5	-28.6
a2m/Diode Milliampere/psg.a2m	A2M	18	-2.8	-22.8
a2m/Konakonaa/EASTDSRT.A2M	A2M	18	-7.5	-25.6
a2m/Konakonaa/battletoads-surfcity-new1.a2m	A2M	18	-7.8	-23.8
a2m/MadBrain/sinner.a2m	A2M	18	0.0	-12.0
a2m/Malfunction/analog trip.a2m	A2M	8	0.1	-11.4
a2m/NAB622/bad apple.a2m	A2M	18	-11.0	-25.0
a2m/NAB622/corridors of time.a2m	A2M	18	-4.0	-20.3
a2m/Nula/prehistorik.a2m	A2M	18	-0.2	-14.0
a2m/Nula/worms.a2m	A2M	9	-3.8	-15.0
a2m/OxygenStar/left out.a2m	A2M	18	-3.3	-18.1
a2m/Subz3ro/alloyrun (remastered version).a2m	A2M	9	0.1	-10.5
ahx/(iridion 0.5)q22.ahx	AHX	4	-2.7	-9.9
ahx/a_little_cyberfunk.hvl	HVL	8	-0.1	-11.0
ahx/bill_buys_a_hoover.ahx	AHX	4	-2.1	-14.6
ahx/depressed.ahx	AHX	4	-1.1	-13.4
ahx/drainage_proble.hvl	HVL	7	0.0	-12.4
ahx/explodingfist.ahx	AHX	4	-2.0	-11.6
ahx/hexplosion.hvl	HVL	16	-1.9	-16.6
ahx/karma.ahx	AHX	4	-8.5	-21.3
ahx/meltwater_10ch.hvl	HVL	10	0.0	-16.4
ahx/mid day action.ahx	AHX	4	-2.3	-12.3
ahx/quite_classic.ahx	AHX	4	0.0	-9.5
ahx/ring_modulation_test_song.hvl	HVL	4	-0.0	-14.5
ahx/the floor is moving away.ahx	AHX	4	-3.0	-13.6
ahx/there_you_are.hvl	HVL	6	0.0	-9.7
amiga/12TH.MOD	MOD	4	6.4	-9.6
amiga/DOPE.MOD	MOD	28	10.8	-3.9
amiga/ELYSIUM.MOD	MOD	4	4.6	-11.2
amiga/a_city_at_night.mod	MOD	4	6.3	-5.8
amiga/ambition2.mod	MOD	4	10.1	-5.9
amiga/blueberry.mod	MOD	4	2.3	-13.3
amiga/eat_my_dead_hog.mod	MOD	4	2.7	-10.7
amiga/jackdance ii.mod	MOD	4	6.8	-8.4
amiga/jogeir_liljedahl_-_addiction.mod	MOD	4	5.4	-9.6
amiga/lost_patrol_m03.mod	MOD	4	4.4	-7.1
amiga/lotus_2_title.mod	MOD	4	8.4	-4.6
amiga/outa_city_lamer.mod	MOD	4	8.5	-7.2
amiga/pretend.mod	MOD	4	4.6	-9.1
amiga/sound.mod	MOD	4	2.7	-12.4
amiga/starlitdeception.mod	MOD	8	12.1	-2.4
amiga/the_ancient_orient.mod	MOD	4	2.6	-16.4
amiga/utopia_ingame1.mod	MOD	4	-3.1	-20.6
ft2/1fineday.xm	XM	24	1.4	-14.0
ft2/4-mat_-_rose.xm	XM	4	2.2	-14.9
ft2/BUTTERFL.XM	XM	16	6.3	-9.0
ft2/DEADLOCK.XM	XM	24	9.9	-7.2
ft2/amiga boy.xm	XM	30	8.1	-10.2
ft2/an-path.xm	XM	32	12.3	-6.4
ft2/elw-sick.xm	XM	24	8.6	-9.1
ft2/external.xm	XM	10	11.3	-6.1
ft2/fall.xm	XM	22	9.4	-8.0
ft2/im in love with you.xm	XM	14	3.0	-13.3
ft2/jt_911.xm	XM	28	9.1	-12.3
ft2/jt_letgo.xm	XM	26	9.8	-2.7
ft2/jt_strng.xm	XM	16	-2.7	-17.2
ft2/radix-unreal_superhero.xm	XM	8	6.6	-7.5
ft2/radix_-_take_on_me.xm	XM	20	8.0	-7.5
ft2/radix_-_yuki_satellites.xm	XM	32	7.4	-11.8
ft2/sweetdre.xm	XM	24	11.9	-5.7
ft2/xyce-dans_la_rue.xm	XM	22	0.3	-20.1
goattracker/aeuk/metal_warrior_4_streets.sng	GT1	3	-6.1	-20.4
goattracker/cadaver/goattracker_classical_example.sng	GT1	3	-5.9	-20.2
goattracker/cadaver/mw_title_remix_2x_speed.sng	GT1	3	-4.4	-20.7
goattracker/mch/graffiti_intro.sng	GT2	3	-3.7	-17.2
goattracker/mch/on_the_road_once_again.sng	GT2	3	-2.4	-17.4
goattracker/stinsen/arpling.sng	GT2	3	-2.9	-18.1
goattracker/stinsen/double_rainbow_2x.sng	GT2	3	-3.9	-17.5
goattracker/stinsen/iguana.sng	GT2	3	-2.9	-17.1
goattracker/stinsen/relapse.sng	GT2	3	-1.4	-17.8
goattracker/stinsen/space_2x.sng	GT2	3	-1.0	-14.5
s3m-adlib/Barbatruc/authentic adlib attempt.s3m	S3M	9	6.6	-6.0
s3m-adlib/Beat/cosmowarp.s3m	S3M	9	6.8	-4.0
s3m-adlib/Bisqwit/ff2 mysidia theme.s3m	S3M	8	4.5	-9.2
s3m-adlib/Bisqwit/some kind of church theme.s3m	S3M	9	1.1	-10.4
s3m-adlib/Falcon (PL)/voices and visions vol.1.s3m	S3M	8	-0.1	-12.6
s3m-adlib/Manwe/and this is ultrasound.s3m	S3M	16	3.4	-15.7
s3m-adlib/Marvin (DK)/end of the line.s3m	S3M	6	6.0	-2.7
s3m-adlib/Marvin (DK)/wasted years.s3m	S3M	9	0.5	-15.4
s3m-adlib/Purple Motion/starport bbs introtune.s3m	S3M	9	10.1	-0.9
s3m-adlib/Skaven/starport bbs introtune 2 v2.s3m	S3M	9	5.2	-8.7
s3m-adlib/Viraxor/pneumonoblahblahblah.s3m	S3M	6	6.6	-6.7
s3m-adlib/Xenon (DE)/hope, let me stay alive.s3m	S3M	16	-63.7	-Infinity
s3m-adlib/unknown/(opl2) casements.s3m	S3M	16	4.3	-12.0
s3m-adlib/unknown/(opl2) rpg maker 95 - town8.s3m	S3M	16	6.2	-2.3
s3m/2nd_reality.s3m	S3M	8	8.1	-10.3
s3m/ascent_of_the_cloud_eagle.s3m	S3M	9	9.0	-6.7
s3m/average_chip_funk.s3m	S3M	8	8.4	-11.5
s3m/bubblez.s3m	S3M	16	13.5	-0.2
s3m/caverns_of_cthulu.s3m	S3M	4	6.7	-11.0
s3m/cloud_city.s3m	S3M	16	9.7	-5.2
s3m/cool_city_volume_1_2.s3m	S3M	25	11.7	-7.3
s3m/energia.s3m	S3M	16	2.1	-15.3
s3m/final_decade.s3m	S3M	8	11.4	-5.7
s3m/global_motion_vol_1.s3m	S3M	9	8.1	-8.8
s3m/image_of_variance.s3m	S3M	8	4.6	-10.4
s3m/isotoxin.s3m	S3M	15	3.2	-18.5
s3m/mechanism_eight.s3m	S3M	16	13.5	-1.7
s3m/pentagonal_dreams.s3m	S3M	16	3.0	-15.2
s3m/return_to_saturn.s3m	S3M	12	13.0	-4.2
s3m/samplemind_demo.s3m	S3M	4	7.6	-10.6
s3m/seaside_hotel.s3m	S3M	12	1.5	-15.5
s3m/starshine.s3m	S3M	9	10.2	-9.6
s3m/the_probe_maintheme.s3m	S3M	12	5.3	-12.1
s3m/vocalization.s3m	S3M	9	9.1	-8.8
sid/daglish_ben/krakout.sid	PSID	3	-2.6	-17.8
sid/daglish_ben/last_ninja.sid	PSID	3	-8.2	-28.1
sid/galway_martin/arkanoid.sid	RSID	3	-2.3	-12.7
sid/galway_martin/comic_bakery.sid	PSID	3	-4.3	-16.5
sid/galway_martin/commando_high_score.sid	PSID	3	-1.5	-9.2
sid/galway_martin/ocean_loader_1.sid	PSID	3	-5.5	-20.7
sid/galway_martin/ocean_loader_2.sid	PSID	3	-6.8	-21.1
sid/hubbard_rob/chimera.sid	RSID	3	-4.1	-17.3
sid/hubbard_rob/commando.sid	PSID	3	-1.8	-17.1
sid/hubbard_rob/crazy_comets.sid	PSID	3	-3.0	-16.6
sid/hubbard_rob/knucklebusters.sid	PSID	3	-2.1	-16.7
sid/huelsbeck_chris/great_giana_sisters.sid	RSID	3	-3.0	-20.1
sid/huelsbeck_chris/r_type.sid	PSID	3	-4.3	-16.9
sid/joseph_richard/defender_of_the_crown.sid	PSID	3	-0.7	-19.1
sid/tel_jeroen/golden_axe.sid	PSID	3	-3.3	-16.0
sid/tel_jeroen/robocop_3.sid	PSID	3	-5.1	-22.0
