# path	block	packer	size	fnv1a64 (AdPlug's depackers, run by block-oracle.cpp; regen.sh)
Benjamin Gerardin/ballad.a2m	0	aplib	1124517	331113c02693d99e
Benjamin Gerardin/ballad.a2m	1	aplib	245760	4129730f1e2a8d00
Benjamin Gerardin/ballad.a2m	2	aplib	245760	3da4d6fbbecaa8ed
Benjamin Gerardin/boss8.a2m	0	aplib	1124517	c35cedf5b20937a4
Benjamin Gerardin/boss8.a2m	1	aplib	245760	7e11fd5e904b5e7f
Benjamin Gerardin/down the waterfalls.a2m	0	aplib	1124517	7d2b350e0b7a8886
Benjamin Gerardin/down the waterfalls.a2m	1	aplib	245760	8b1e473074831345
Benjamin Gerardin/down the waterfalls.a2m	2	aplib	245760	8111fa32daad66fb
Benjamin Gerardin/far from home.a2m	0	aplib	1124517	4f032ef07559bf5f
Benjamin Gerardin/far from home.a2m	1	aplib	245760	e09daba4b508ac58
Benjamin Gerardin/far from home.a2m	2	aplib	245760	a47e69e4b1b1405a
Benjamin Gerardin/fdance06.a2m	0	aplib	1124517	0dde177d1ad8f128
Benjamin Gerardin/fdance06.a2m	1	aplib	245760	f6bb718abea7490a
Benjamin Gerardin/fdance06.a2m	2	aplib	245760	298c78cb5efe4395
Benjamin Gerardin/fdance27.a2m	0	aplib	1124517	ddf89f773b562ad1
Benjamin Gerardin/fdance27.a2m	1	aplib	245760	796ffa273583da7f
Benjamin Gerardin/fdance27.a2m	2	aplib	245760	98c91722ddcc819e
Benjamin Gerardin/fmaven94.a2m	0	aplib	1124517	c2428f98120a4b3e
Benjamin Gerardin/fmaven94.a2m	1	aplib	245760	054629a322484601
Benjamin Gerardin/fmaven95.a2m	0	aplib	1124517	bd6fa39b322f4662
Benjamin Gerardin/fmaven95.a2m	1	aplib	245760	70754d9acbc71032
Benjamin Gerardin/fmaven96.a2m	0	aplib	1124517	73f0b2888f80870e
Benjamin Gerardin/fmaven96.a2m	1	aplib	245760	2fe034a9e706fa6d
Benjamin Gerardin/fmaven96.a2m	2	aplib	245760	48a11d8eea87af6f
Benjamin Gerardin/fmaven96.a2m	3	aplib	245760	5106a1c3dc637138
Benjamin Gerardin/fmaven97.a2m	0	aplib	1124517	11bcd2c04dc3af29
Benjamin Gerardin/fmaven97.a2m	1	aplib	245760	f29a19856f8f254a
Benjamin Gerardin/fmaven98.a2m	0	aplib	1124517	1bc722c09101324e
Benjamin Gerardin/fmaven98.a2m	1	aplib	245760	3adfc1a629ca2222
Benjamin Gerardin/fmavn63b.a2m	0	aplib	1124517	9d85d2d4443bf637
Benjamin Gerardin/fmavn63b.a2m	1	aplib	245760	3ad351b5177b3717
Benjamin Gerardin/gates of the northlands.a2m	0	aplib	1124517	65718eb9ee71f2a2
Benjamin Gerardin/gates of the northlands.a2m	1	aplib	245760	6461cf8969d1e3b4
Benjamin Gerardin/global alternative trance.a2m	0	aplib	1124517	584f6b163803b00f
Benjamin Gerardin/global alternative trance.a2m	1	aplib	245760	f4cbad002e0a63e7
Benjamin Gerardin/global alternative trance.a2m	2	aplib	245760	aa984873a972883e
Benjamin Gerardin/high tech environment ii.a2m	0	aplib	1124517	346c6e6fad1c41d9
Benjamin Gerardin/high tech environment ii.a2m	1	aplib	245760	c0625dfd3b16a8ad
Benjamin Gerardin/high tech environment ii.a2m	2	aplib	245760	91ebaa2c98d85f9e
Benjamin Gerardin/high tech environment iii (final).a2m	0	aplib	1124517	3f6e5bcb6bc809c4
Benjamin Gerardin/high tech environment iii (final).a2m	1	aplib	245760	00fd4e1b5077b5b5
Benjamin Gerardin/high tech environment iii (final).a2m	2	aplib	245760	afa8ae91b3963779
Benjamin Gerardin/high tech environment iii.a2m	0	aplib	1124517	49004457a7a3ae45
Benjamin Gerardin/high tech environment iii.a2m	1	aplib	245760	5d6403b9ee8bf849
Benjamin Gerardin/high tech environment iii.a2m	2	aplib	245760	b5e2a31f1b695e6e
Benjamin Gerardin/la boite speciale daubes.a2m	0	aplib	1124517	36527ba46b912e8a
Benjamin Gerardin/la boite speciale daubes.a2m	1	aplib	245760	6b1347fc4b66ad2d
Benjamin Gerardin/la boite speciale daubes.a2m	2	aplib	245760	21a39cc6a97ed95d
Benjamin Gerardin/neurophobian.a2m	0	aplib	1124517	3307e9e1af45266a
Benjamin Gerardin/neurophobian.a2m	1	aplib	245760	a660ae6e5f837726
Benjamin Gerardin/neurophobian.a2m	2	aplib	245760	a1d1a48ff6b37126
Benjamin Gerardin/neurophobian.a2m	3	aplib	245760	ff30424a5f6cb8f1
Benjamin Gerardin/neurophobian.a2m	4	aplib	245760	af10972c64a883c9
Benjamin Gerardin/now that you're gone.a2m	0	aplib	1124517	fdf1c461032d603e
Benjamin Gerardin/now that you're gone.a2m	1	aplib	245760	2381e41446a8e6d9
Benjamin Gerardin/now that you're gone.a2m	2	aplib	245760	b6e543f7366c3699
Benjamin Gerardin/recherche de sons.a2m	0	aplib	1124517	2b93934fa7dc4a4e
Benjamin Gerardin/recherche de sons.a2m	1	aplib	245760	e3df19bb945f32b5
Benjamin Gerardin/running after the clouds.a2m	0	aplib	1124517	c7faa429d71ebeff
Benjamin Gerardin/running after the clouds.a2m	1	aplib	245760	239d69d5d98aed30
Benjamin Gerardin/running after the clouds.a2m	2	aplib	245760	ed714646c4c40814
Benjamin Gerardin/song100.a2m	0	aplib	1124517	a5e716e6022da9dc
Benjamin Gerardin/song100.a2m	1	aplib	245760	bdb7bbbb4d8f7dee
Benjamin Gerardin/song102.a2m	0	aplib	1124517	b4e48b08d4811331
Benjamin Gerardin/song102.a2m	1	aplib	245760	22061111521bbcb8
Benjamin Gerardin/song103.a2m	0	aplib	1124517	f33a10c8ee5e1c8c
Benjamin Gerardin/song103.a2m	1	aplib	245760	348215abac3d4575
Benjamin Gerardin/song105.a2m	0	aplib	1124517	788bc779a2d2b482
Benjamin Gerardin/song105.a2m	1	aplib	245760	1d25181d0ec8b316
Benjamin Gerardin/song108.a2m	0	aplib	1124517	c47da0502f048d78
Benjamin Gerardin/song108.a2m	1	aplib	245760	bd374e7771d24180
Benjamin Gerardin/sonic.a2m	0	aplib	1124517	86392c1bdc2df2ba
Benjamin Gerardin/sonic.a2m	1	aplib	245760	84f154b95d4097bd
Benjamin Gerardin/sonic.a2m	2	aplib	245760	e14284fb4cf79eed
Benjamin Gerardin/storm riders (fm version).a2m	0	aplib	1124517	6bc0ba74e9de476b
Benjamin Gerardin/storm riders (fm version).a2m	1	aplib	245760	6e78d6780b0e3540
Benjamin Gerardin/tanioll's musik.a2m	0	aplib	1124517	5dc791659ea009e3
Benjamin Gerardin/tanioll's musik.a2m	1	aplib	245760	228fd718e2d90104
Benjamin Gerardin/the world is gonna fall.a2m	0	aplib	1124517	a00d5917c8f0bf42
Benjamin Gerardin/the world is gonna fall.a2m	1	aplib	245760	c12a95d8b5e1bfb2
Benjamin Gerardin/the world is gonna fall.a2m	2	aplib	245760	47fe7e504ca2bc4d
Benjamin Gerardin/this is new jack daniel's!.a2m	0	aplib	1124517	fea9bf073ec59afc
Benjamin Gerardin/this is new jack daniel's!.a2m	1	aplib	245760	a27a5fb18abf4d83
Benjamin Gerardin/this is new jack daniel's!.a2m	2	aplib	245760	a34e732424f2fea0
Benjamin Gerardin/trance avec filtres.a2m	0	aplib	1124517	0b908bccd16e69c1
Benjamin Gerardin/trance avec filtres.a2m	1	aplib	245760	84b0cf91c5ec8359
Benjamin Gerardin/trance avec filtres.a2m	2	aplib	245760	797201978cdce5b8
Benjamin Gerardin/trance avec filtres.a2m	3	aplib	245760	d465c9a4a4a9dd2b
Benjamin Gerardin/troubleshit drugs.a2m	0	aplib	1124517	d65e140bb76354cc
Benjamin Gerardin/troubleshit drugs.a2m	1	aplib	245760	9f91e6973fe2a9e7
Benjamin Gerardin/troubleshit drugs.a2m	2	aplib	245760	b08c7b902da56463
Benjamin Gerardin/ultra debil oup trop fort.a2m	0	aplib	1124517	48174f15381d1aee
Benjamin Gerardin/ultra debil oup trop fort.a2m	1	aplib	245760	2661381690d91125
Benjamin Gerardin/wood village.a2m	0	aplib	1124517	615148e63093257c
Benjamin Gerardin/wood village.a2m	1	aplib	245760	6c76fcdb80f7ea15
Benjamin Gerardin/wood village.a2m	2	aplib	245760	4e33c540b03d8bf0
Brendan Bailey/15 minute compo trial.a2m	0	aplib	1137182	69155df67b14039c
Brendan Bailey/15 minute compo trial.a2m	1	aplib	245760	3051eb0a116f204f
Brendan Bailey/a different kind of hero.a2m	0	aplib	1137182	1e47faf98ea2e5fd
Brendan Bailey/a different kind of hero.a2m	1	aplib	245760	8f3e36e6ab34dda8
Brendan Bailey/ambush of angels.a2m	0	aplib	1137182	8f686f2dc3aac552
Brendan Bailey/ambush of angels.a2m	1	aplib	245760	609cd515bc66b2fb
Brendan Bailey/an awkward invasion.a2m	0	aplib	1137182	4157f10f8e5b44a7
Brendan Bailey/an awkward invasion.a2m	1	aplib	245760	3f6fa0f0960079d2
Brendan Bailey/banzai erdogo.a2m	0	aplib	1137182	6380e5737a36abfd
Brendan Bailey/banzai erdogo.a2m	1	aplib	245760	455d40cd9323bbe7
Brendan Bailey/banzai erdogo.a2m	2	aplib	245760	7648a9cbc1961f7d
Brendan Bailey/battletoads briefing theme.a2m	0	aplib	1137182	5bd5cf0eae62df90
Brendan Bailey/battletoads briefing theme.a2m	1	aplib	245760	9e9e53882b363ad9
Brendan Bailey/birdstone.a2m	0	aplib	1137182	4453ef5cf0c28f07
Brendan Bailey/birdstone.a2m	1	aplib	245760	ece35827b6b19fb9
Brendan Bailey/blades of glory (revised version).a2m	0	aplib	1137182	ff6fd98d186200bc
Brendan Bailey/blades of glory (revised version).a2m	1	aplib	245760	c14f46693abbb4d2
Brendan Bailey/blades of glory.a2m	0	aplib	1137182	da1130af804ca76d
Brendan Bailey/blades of glory.a2m	1	aplib	245760	067619f67acec577
Brendan Bailey/bonus round theme.a2m	0	aplib	1137182	65562b0082b73296
Brendan Bailey/bonus round theme.a2m	1	aplib	245760	31fb4b8c4ff0151d
Brendan Bailey/call to duty.a2m	0	aplib	1137182	160bb6cc11736944
Brendan Bailey/call to duty.a2m	1	aplib	245760	c38f9b92dfc094d7
Brendan Bailey/call to duty.a2m	2	aplib	245760	35cab4fd95c1a80c
Brendan Bailey/call to duty.a2m	3	aplib	245760	88d1f28e4710c1ac
Brendan Bailey/call to duty.a2m	4	aplib	245760	76e62593a0e2f21c
Brendan Bailey/call to duty.a2m	5	aplib	245760	a4b2b5bbb346b99f
Brendan Bailey/chivalry honor.a2m	0	aplib	1137182	3ea81b20305ce483
Brendan Bailey/chivalry honor.a2m	1	aplib	245760	8ff1c72d8f9d5e34
Brendan Bailey/chivalry honor.a2m	2	aplib	245760	cfcb77c332617b64
Brendan Bailey/chivalry honor.a2m	3	aplib	245760	e1ed491bbd06c0d8
Brendan Bailey/conspiracy.a2m	0	aplib	1137182	885c741d5de94fc0
Brendan Bailey/conspiracy.a2m	1	aplib	245760	fd943dc3d322b0b6
Brendan Bailey/cool cat.a2m	0	aplib	1137182	30a3e08cc4635dbc
Brendan Bailey/cool cat.a2m	1	aplib	245760	8ecb689edb1488fe
Brendan Bailey/cool cat.a2m	2	aplib	245760	6a94a35b9bed8c92
Brendan Bailey/cool down time.a2m	0	aplib	1137182	749c8da7ba910bb8
Brendan Bailey/cool down time.a2m	1	aplib	245760	ce9bb7830e75c496
Brendan Bailey/deception (revised edition).a2m	0	aplib	1137182	d7648a5b6198ee40
Brendan Bailey/deception (revised edition).a2m	1	aplib	245760	2e44e344bb1c0585
Brendan Bailey/deception (revised edition).a2m	2	aplib	245760	3c5de62f59f429ae
Brendan Bailey/deception (revised edition).a2m	3	aplib	245760	7b1bd1e93e9257a9
Brendan Bailey/deep down low.a2m	0	aplib	1137182	bbd9382e184cc68b
Brendan Bailey/deep down low.a2m	1	aplib	245760	ae3e5187f16a3629
Brendan Bailey/dream 7 max slot machine bonus theme.a2m	0	aplib	1137182	53f27af9b11b8f2f
Brendan Bailey/dream 7 max slot machine bonus theme.a2m	1	aplib	245760	ca54443f2903e7f7
Brendan Bailey/dream 7 max.a2m	0	aplib	1137182	99d56daacbf4c191
Brendan Bailey/dream 7 max.a2m	1	aplib	245760	886770d852260f0c
Brendan Bailey/dream among the clouds forever.a2m	0	aplib	1137182	c29c45cd946e6235
Brendan Bailey/dream among the clouds forever.a2m	1	aplib	245760	cdb4e4111e243c3e
Brendan Bailey/electronic skiing.a2m	0	aplib	1137182	98cff40b0664064a
Brendan Bailey/electronic skiing.a2m	1	aplib	245760	c117f9ef9b6775b9
Brendan Bailey/enchanting loop.a2m	0	aplib	1137182	a107cf295b37e431
Brendan Bailey/enchanting loop.a2m	1	aplib	245760	06830d8c2e9a3dee
Brendan Bailey/entertainment warehouse.a2m	0	aplib	1137182	ab190678b29e1602
Brendan Bailey/entertainment warehouse.a2m	1	aplib	245760	229e5c43d8cbe102
Brendan Bailey/evil sounding loop.a2m	0	aplib	1137182	5f4b2ffdb70fc809
Brendan Bailey/evil sounding loop.a2m	1	aplib	245760	9a3870b9ecf39308
Brendan Bailey/fifths echo rock.a2m	0	aplib	1137182	531a158a39ded691
Brendan Bailey/fifths echo rock.a2m	1	aplib	245760	e1b19b166e1315d0
Brendan Bailey/frenzy!!!.a2m	0	aplib	1137182	16f02873dd6cd109
Brendan Bailey/frenzy!!!.a2m	1	aplib	245760	b4ac0dcc1053a78c
Brendan Bailey/friendship.a2m	0	aplib	1137182	95f921a18943b512
Brendan Bailey/friendship.a2m	1	aplib	245760	c9b7bfe593192aad
Brendan Bailey/frozen over heck.a2m	0	aplib	1137182	a6a13e41921f1d02
Brendan Bailey/frozen over heck.a2m	1	aplib	245760	2cef00852aa5ed8f
Brendan Bailey/frozen over heck.a2m	2	aplib	245760	ea1e4148d5d43f7c
Brendan Bailey/full throttle.a2m	0	aplib	1137182	7aefa03377d89554
Brendan Bailey/full throttle.a2m	1	aplib	245760	f65f3d342a15a782
Brendan Bailey/fun land.a2m	0	aplib	1137182	607b6dccbf161252
Brendan Bailey/fun land.a2m	1	aplib	245760	b1a0c3c5a8f01aef
Brendan Bailey/game tutorial theme.a2m	0	aplib	1137182	4e9aa0438ab8760b
Brendan Bailey/game tutorial theme.a2m	1	aplib	245760	5218246694275b54
Brendan Bailey/golden bell slot machine bonus theme.a2m	0	aplib	1137182	6facffd095a8ca3d
Brendan Bailey/golden bell slot machine bonus theme.a2m	1	aplib	245760	ec3ed0a693464ca2
Brendan Bailey/here come the teamsters.a2m	0	aplib	1137182	2b2a8a0d43b2f143
Brendan Bailey/here come the teamsters.a2m	1	aplib	245760	77ee56eed1cbc3bf
Brendan Bailey/here come the teamsters.a2m	2	aplib	245760	4e85f64b09afa612
Brendan Bailey/hov lane.a2m	0	aplib	1137182	d5c90c6a6399861e
Brendan Bailey/hov lane.a2m	1	aplib	245760	45e8f88a3c70ad11
Brendan Bailey/hov lane.a2m	2	aplib	245760	52c507acd5276691
Brendan Bailey/in a perfect world.a2m	0	aplib	1137182	2286fe16dfe5a519
Brendan Bailey/in a perfect world.a2m	1	aplib	245760	5145fa2ea1999ca3
Brendan Bailey/in a perfect world.a2m	2	aplib	245760	23cc162c803e2ba4
Brendan Bailey/in a perfect world.a2m	3	aplib	245760	9fb0a7c43e5e55b0
Brendan Bailey/in a perfect world.a2m	4	aplib	245760	fede4a274c943a3e
Brendan Bailey/inevitable serenety.a2m	0	aplib	1137182	2c4efdc6612eab96
Brendan Bailey/inevitable serenety.a2m	1	aplib	245760	553ed108f970b9da
Brendan Bailey/inevitable serenety.a2m	2	aplib	245760	7602a354f2d1a53b
Brendan Bailey/lemmings level 4 theme.a2m	0	aplib	1137182	f4f8e22bde45305c
Brendan Bailey/lemmings level 4 theme.a2m	1	aplib	245760	899347c477e67d78
Brendan Bailey/look to the horizon.a2m	0	aplib	1137182	e98e328a3f0b9908
Brendan Bailey/look to the horizon.a2m	1	aplib	245760	ad36c97f49304e83
Brendan Bailey/lost cause.a2m	0	aplib	1137182	a78a8d58f643bca7
Brendan Bailey/lost cause.a2m	1	aplib	245760	16ee12be82ffa103
Brendan Bailey/lost cause.a2m	2	aplib	245760	ae3ba09ff862c3be
Brendan Bailey/lucky sevens.a2m	0	aplib	1137182	c3dd9e4f2b46b77f
Brendan Bailey/lucky sevens.a2m	1	aplib	245760	4c5184622739be07
Brendan Bailey/manifest destiny.a2m	0	aplib	1137182	cd0ffe16cac5b378
Brendan Bailey/manifest destiny.a2m	1	aplib	245760	ae380f2ec22f1d0c
Brendan Bailey/manifest destiny.a2m	2	aplib	245760	fda9d683ebf61f9e
Brendan Bailey/marble city.a2m	0	aplib	1137182	b58570c411e6ff12
Brendan Bailey/marble city.a2m	1	aplib	245760	11b56e6597635ea7
Brendan Bailey/marble city.a2m	2	aplib	245760	e095c65b3c7de243
Brendan Bailey/mario star theme.a2m	0	aplib	1137182	9d6152fe542bcb53
Brendan Bailey/mario star theme.a2m	1	aplib	245760	4b9a72310e3ff97a
Brendan Bailey/mechanical age.a2m	0	aplib	1137182	ab8add89cfa2fb91
Brendan Bailey/mechanical age.a2m	1	aplib	245760	caed3cafe839aac0
Brendan Bailey/mechanized warfare.a2m	0	aplib	1137182	97ce213f32b0fd66
Brendan Bailey/mechanized warfare.a2m	1	aplib	245760	d5f7685a7ddc4a60
Brendan Bailey/metro in transit.a2m	0	aplib	1137182	058c8f528afb1566
Brendan Bailey/metro in transit.a2m	1	aplib	245760	fe1937b6f2b951b0
Brendan Bailey/metro in transit.a2m	2	aplib	245760	3321aa966fddba25
Brendan Bailey/moderately speaking.a2m	0	aplib	1137182	93391d71bdb81b07
Brendan Bailey/moderately speaking.a2m	1	aplib	245760	7aa338630950aee6
Brendan Bailey/moderately speaking.a2m	2	aplib	245760	ed8481f94f8294e8
Brendan Bailey/never say never.a2m	0	aplib	1137182	0da6ec149f22316e
Brendan Bailey/never say never.a2m	1	aplib	245760	a009c3ccd61b8cab
Brendan Bailey/no choice but to follow them.a2m	0	aplib	1137182	572cae43570e14ee
Brendan Bailey/no choice but to follow them.a2m	1	aplib	245760	3425652907093b6a
Brendan Bailey/no good gofers.a2m	0	aplib	1137182	13c95a48eb5505cc
Brendan Bailey/no good gofers.a2m	1	aplib	245760	b7fbf6dd5f67fd5f
Brendan Bailey/oblivion blast.a2m	0	aplib	1137182	5f8f76a5d3d4d3c5
Brendan Bailey/oblivion blast.a2m	1	aplib	245760	4eee3a8d4ef2648f
Brendan Bailey/oblivion blast.a2m	2	aplib	245760	5e58299022634d74
Brendan Bailey/obstacles of a determinded mind.a2m	0	aplib	1137182	3d579f64b178a88f
Brendan Bailey/obstacles of a determinded mind.a2m	1	aplib	245760	753f65bd6f607cc1
Brendan Bailey/oh the irony!.a2m	0	aplib	1137182	2fcc66af350392bb
Brendan Bailey/oh the irony!.a2m	1	aplib	245760	3afd59713f715f42
Brendan Bailey/one heck of an adventure!.a2m	0	aplib	1137182	41022254b065fd78
Brendan Bailey/one heck of an adventure!.a2m	1	aplib	245760	250d65f11bffb17d
Brendan Bailey/one heck of an adventure!.a2m	2	aplib	245760	20892a536e75be5e
Brendan Bailey/race through cyberspace (original ed.).a2m	0	aplib	1137182	d05f56f478d352ac
Brendan Bailey/race through cyberspace (original ed.).a2m	1	aplib	245760	becc9c8b78f529ce
Brendan Bailey/race through cyberspace (original ed.).a2m	2	aplib	245760	4963decaa5593414
Brendan Bailey/race through cyberspace (revised edition).a2m	0	aplib	1137182	762511c118bd6c6c
Brendan Bailey/race through cyberspace (revised edition).a2m	1	aplib	245760	47dbaa5fcc391984
Brendan Bailey/race through cyberspace (revised edition).a2m	2	aplib	245760	356123047b2b46fb
Brendan Bailey/race through cyberspace (revised edition).a2m	3	aplib	245760	6169ae79f62a4a5f
Brendan Bailey/race through cyberspace (revised edition).a2m	4	aplib	245760	367b0a985f20a8c0
Brendan Bailey/sinister deception.a2m	0	aplib	1137182	807bbba767d4473f
Brendan Bailey/sinister deception.a2m	1	aplib	245760	c743fafaf6b09814
Brendan Bailey/sitcom - game menu theme.a2m	0	aplib	1137182	1dca8a3df90f23fd
Brendan Bailey/sitcom - game menu theme.a2m	1	aplib	245760	e65dda9099d06117
Brendan Bailey/skylight central.a2m	0	aplib	1137182	52d310c68ff53425
Brendan Bailey/skylight central.a2m	1	aplib	245760	45758d7759758906
Brendan Bailey/skylight central.a2m	2	aplib	245760	1a3f2cc94ccafc3d
Brendan Bailey/sleep, work, and play.a2m	0	aplib	1137182	4ec25d7c9b250707
Brendan Bailey/sleep, work, and play.a2m	1	aplib	245760	507cde087154621e
Brendan Bailey/spaceplex.a2m	0	aplib	1137182	f8c4a7783efcd3ad
Brendan Bailey/spaceplex.a2m	1	aplib	245760	605165a52ea578d2
Brendan Bailey/spaceplex.a2m	2	aplib	245760	284f212de589bb55
Brendan Bailey/spark plug.a2m	0	aplib	1137182	30e1ea5c6be31aee
Brendan Bailey/spark plug.a2m	1	aplib	245760	ddfef32c3bd74dd0
Brendan Bailey/spark plug.a2m	2	aplib	245760	8ebd6356b5d8edc4
Brendan Bailey/stormy weather.a2m	0	aplib	1137182	34c1351015224766
Brendan Bailey/stormy weather.a2m	1	aplib	245760	6d4c2af0551543aa
Brendan Bailey/suspicion.a2m	0	aplib	1137182	a356128ea3abea9c
Brendan Bailey/suspicion.a2m	1	aplib	245760	faf5476dd1d06339
Brendan Bailey/the 30 blade razor commercial theme.a2m	0	aplib	1137182	dd3d07810b01a1ea
Brendan Bailey/the 30 blade razor commercial theme.a2m	1	aplib	245760	20241f4100decdfb
Brendan Bailey/the apocalypse starts at sun down.a2m	0	aplib	1137182	3ca4fc849bf85bdc
Brendan Bailey/the apocalypse starts at sun down.a2m	1	aplib	245760	479a574761bb31d4
Brendan Bailey/the apocalypse starts at sun down.a2m	2	aplib	245760	76d0c753977b1e12
Brendan Bailey/the big guns.a2m	0	aplib	1137182	967cda47492bd3c4
Brendan Bailey/the big guns.a2m	1	aplib	245760	8f218f0ad3add182
Brendan Bailey/the big guns.a2m	2	aplib	245760	df0b76a0cb7100b0
Brendan Bailey/the blizzard.a2m	0	aplib	1137182	60bd877f4f658641
Brendan Bailey/the blizzard.a2m	1	aplib	245760	3af47da65ecf374f
Brendan Bailey/the blizzard.a2m	2	aplib	245760	e4866006d849a11a
Brendan Bailey/the contrasts between good and evil - what we learn.a2m	0	aplib	1137182	d34129ec6cc21f9e
Brendan Bailey/the contrasts between good and evil - what we learn.a2m	1	aplib	245760	59fe65fe76a80565
Brendan Bailey/the contrasts between good and evil - what we learn.a2m	2	aplib	245760	b653a77c174f6e04
Brendan Bailey/the day has come.a2m	0	aplib	1137182	a8491da2dbbe9540
Brendan Bailey/the day has come.a2m	1	aplib	245760	bf1ef4adc26b3cc3
Brendan Bailey/the great depression.a2m	0	aplib	1137182	35ee22560d51ccdd
Brendan Bailey/the great depression.a2m	1	aplib	245760	b4dbb3574cb067f7
Brendan Bailey/the great depression.a2m	2	aplib	245760	b1a481aeb1c7b61a
Brendan Bailey/the happy robin theme.a2m	0	aplib	1137182	9d530c03bc03d4ef
Brendan Bailey/the happy robin theme.a2m	1	aplib	245760	a1a1a24d0a18d553
Brendan Bailey/the happy robin theme.a2m	2	aplib	245760	fce46bef3b696096
Brendan Bailey/the hunter and the hunted.a2m	0	aplib	1137182	8833575cce8f9ba9
Brendan Bailey/the hunter and the hunted.a2m	1	aplib	245760	c54ec12204b70b2d
Brendan Bailey/the hunter and the hunted.a2m	2	aplib	245760	56705fdaf2c0e3c6
Brendan Bailey/the kelsey song.a2m	0	aplib	1137182	00860fbcd2b7cf63
Brendan Bailey/the kelsey song.a2m	1	aplib	245760	622996dd3655fb24
Brendan Bailey/the paparazzi.a2m	0	aplib	1137182	bd20cb4b7da89f0d
Brendan Bailey/the paparazzi.a2m	1	aplib	245760	c19540965f968748
Brendan Bailey/the paparazzi.a2m	2	aplib	245760	7d5debb5f059cb6a
Brendan Bailey/the popcorn song.a2m	0	aplib	1137182	951beea79b1539f1
Brendan Bailey/the popcorn song.a2m	1	aplib	245760	f6e580b0c4338b48
Brendan Bailey/the sky is sharp.a2m	0	aplib	1137182	a210f9f343741e7f
Brendan Bailey/the sky is sharp.a2m	1	aplib	245760	0e6685ff71392221
Brendan Bailey/the sky is sharp.a2m	2	aplib	245760	b2deee5b4330f016
Brendan Bailey/thee chiptune.a2m	0	aplib	1137182	6db57c6c9999b2ac
Brendan Bailey/thee chiptune.a2m	1	aplib	245760	e2982d7f37c7c1d1
Brendan Bailey/these are the days of our lives.a2m	0	aplib	1137182	aeb183f39ff19518
Brendan Bailey/these are the days of our lives.a2m	1	aplib	245760	f66babffc6d36039
Brendan Bailey/these are the days of our lives.a2m	2	aplib	245760	30f3145678b6ad67
Brendan Bailey/think fast.a2m	0	aplib	1137182	87396b3ff1a20cd4
Brendan Bailey/think fast.a2m	1	aplib	245760	2a779e9dd6732600
Brendan Bailey/think fast.a2m	2	aplib	245760	820eb2c712f73c73
Brendan Bailey/time will tell.a2m	0	aplib	1137182	18699c2958c2a047
Brendan Bailey/time will tell.a2m	1	aplib	245760	ddc9aa09761f9ba8
Brendan Bailey/time will tell.a2m	2	aplib	245760	afebf4d292bcaff8
Brendan Bailey/torpedo alley.a2m	0	aplib	1137182	327c359e444befd8
Brendan Bailey/torpedo alley.a2m	1	aplib	245760	9017f1f6702a496b
Brendan Bailey/torpedo alley.a2m	2	aplib	245760	15471766eee7717f
Brendan Bailey/treachery.a2m	0	aplib	1137182	93ea93e025d4e577
Brendan Bailey/treachery.a2m	1	aplib	245760	1385ec5cb235ed64
Brendan Bailey/treachery.a2m	2	aplib	245760	e229acc1977d658e
Brendan Bailey/twisted paradise.a2m	0	aplib	1137182	86380bd55eba6531
Brendan Bailey/twisted paradise.a2m	1	aplib	245760	173cb9bb80e0a0ee
Brendan Bailey/twisted paradise.a2m	2	aplib	245760	b156e23332e6249c
Brendan Bailey/ultraviolet sky.a2m	0	aplib	1137182	fc03499ea741785b
Brendan Bailey/ultraviolet sky.a2m	1	aplib	245760	3e795a8c8debad5b
Brendan Bailey/very nice pachislo slot machine theme(s) (cover).a2m	0	aplib	1137182	07be4d76ee12ae6b
Brendan Bailey/very nice pachislo slot machine theme(s) (cover).a2m	1	aplib	245760	959eaccf66d4d3f3
Brendan Bailey/waves of marine life.a2m	0	aplib	1137182	05158141220ccca9
Brendan Bailey/waves of marine life.a2m	1	aplib	245760	9bae9f99e7fe7742
Brendan Bailey/west bound engine.a2m	0	aplib	1137182	14374ee3ea4c0ebb
Brendan Bailey/west bound engine.a2m	1	aplib	245760	55e5df6f5e8c5142
Brendan Bailey/west bound engine.a2m	2	aplib	245760	c4e38be4a115199b
Corona688/newtune.a2m	0	sixpack	11717	cf0ea44ac6378bce
Corona688/newtune.a2m	1	sixpack	36864	ecaa573f0bf40865
DJ Speedstar/adventure in jungle.a2m	0	sixpack	11717	e469d99f33d631b8
DJ Speedstar/adventure in jungle.a2m	1	sixpack	36864	1959127b5d9e65ac
DJ Speedstar/adventure in jungle.a2m	2	sixpack	36864	939f348b85b5266a
DJ Speedstar/come to dance.a2m	0	sixpack	11717	7e053fec69328bb3
DJ Speedstar/come to dance.a2m	1	sixpack	36864	8bd0dd4613865997
DJ Speedstar/come to dance.a2m	2	sixpack	36864	aa54aa08bdec0ebb
DJ Speedstar/move to the beat.a2m	0	sixpack	11717	2dbeb8bd6074fc13
DJ Speedstar/move to the beat.a2m	1	sixpack	36864	a1b6b29fc0e3f6af
DJ Speedstar/move to the beat.a2m	2	sixpack	36864	f250863d6e092f87
DJ Speedstar/music explosion.a2m	0	sixpack	11717	5ba3babaa2013b27
DJ Speedstar/music explosion.a2m	1	sixpack	36864	d959bd5432df75b3
DJ Speedstar/music explosion.a2m	2	sixpack	36864	79ec6e40d6e0b71e
DJ Speedstar/remembrance.a2m	0	sixpack	11717	24212bfedbd589c1
DJ Speedstar/remembrance.a2m	1	sixpack	36864	d785ae51ec68b91a
DJ Speedstar/remembrance.a2m	2	sixpack	36864	6c88b68ab7139998
DJ Speedstar/world of fantasy.a2m	0	sixpack	11717	00bd8893f3417f8c
DJ Speedstar/world of fantasy.a2m	1	sixpack	36864	42cdfa326271e239
DJ Speedstar/world of fantasy.a2m	2	sixpack	36864	7b263d52066f1a55
Diode Milliampere/1856 step.a2m	0	lzh	1138335	22bf8049d7049971
Diode Milliampere/1856 step.a2m	1	lzh	245760	ecdca7d057aa0fcc
Diode Milliampere/1856 step.a2m	2	lzh	245760	7833243c066569e1
Diode Milliampere/1856 step.a2m	3	lzh	245760	55e3dcac21f572d2
Diode Milliampere/1856 step.a2m	4	lzh	245760	943b9d3522db46c6
Diode Milliampere/1856 step.a2m	5	lzh	245760	1db9113f8e472f0f
Diode Milliampere/1856 step.a2m	6	lzh	245760	316e5af672985832
Diode Milliampere/1856 step.a2m	7	lzh	245760	5fd68beb6b7b8072
Diode Milliampere/1856 step.a2m	8	lzh	245760	0e5b83f625de0010
Diode Milliampere/a l t a i r.a2m	0	aplib	1137182	c6c12d2318ab9c17
Diode Milliampere/a l t a i r.a2m	1	aplib	245760	6d8321176d3adc67
Diode Milliampere/a l t a i r.a2m	2	aplib	245760	ded24d1e5d8ba6b3
Diode Milliampere/a l t a i r.a2m	3	aplib	245760	669995629ff5d150
Diode Milliampere/a l t a i r.a2m	4	aplib	245760	f3b4aba27e570e57
Diode Milliampere/a l t a i r.a2m	5	aplib	245760	a29b9e86e705894a
Diode Milliampere/a l t a i r.a2m	6	aplib	245760	befdf6c64b0af2cc
Diode Milliampere/a l t a i r.a2m	7	aplib	245760	5f3d7260a0feda66
Diode Milliampere/a l t a i r.a2m	8	aplib	245760	8b6fcdb7ef8e7a47
Diode Milliampere/a l t a i r.a2m	9	aplib	245760	8e7f1e14592b4c64
Diode Milliampere/a l t a i r.a2m	10	aplib	245760	b6ece3def2484b54
Diode Milliampere/acid tracker.a2m	0	aplib	1137182	aba445f0558b424b
Diode Milliampere/acid tracker.a2m	1	aplib	245760	5dd22d73333a1a13
Diode Milliampere/acid tracker.a2m	2	aplib	245760	a08890c26e9ed943
Diode Milliampere/acid tracker.a2m	3	aplib	245760	d97daa238dc682fc
Diode Milliampere/acid tracker.a2m	4	aplib	245760	f22b2d269772e657
Diode Milliampere/acid tracker.a2m	5	aplib	245760	607bad94012b1b54
Diode Milliampere/acid tracker.a2m	6	aplib	245760	ef77f109275954a9
Diode Milliampere/acid tracker.a2m	7	aplib	245760	0608b7c9bbd28414
Diode Milliampere/acid tracker.a2m	8	aplib	245760	5a4754761bb1d58b
Diode Milliampere/adr1ft.a2m	0	aplib	1137182	65d2acdca130e904
Diode Milliampere/adr1ft.a2m	1	aplib	245760	02240338cb1243b1
Diode Milliampere/aquarius.a2m	0	aplib	1137182	070740f39ad3547d
Diode Milliampere/aquarius.a2m	1	aplib	245760	a440bc95c4670b6c
Diode Milliampere/aquarius.a2m	2	aplib	245760	579fca65f4995698
Diode Milliampere/aquarius.a2m	3	aplib	245760	44bce76b71791082
Diode Milliampere/aquarius.a2m	4	aplib	245760	d491851c629d9f82
Diode Milliampere/cat people-show your lol.a2m	0	aplib	1137182	1a474715040cbfbc
Diode Milliampere/cat people-show your lol.a2m	1	aplib	245760	48613c1b081fa50c
Diode Milliampere/cat people-show your lol.a2m	2	aplib	245760	c0445857d4192a38
Diode Milliampere/cat people-show your lol.a2m	3	aplib	245760	dfa33b58af1884e8
Diode Milliampere/cat people-show your lol.a2m	4	aplib	245760	6de49b151bde3ba7
Diode Milliampere/cat people-show your lol.a2m	5	aplib	245760	8bde2d953172d64e
Diode Milliampere/cat people-show your lol.a2m	6	aplib	245760	d63180e2f73417ac
Diode Milliampere/cat people-show your lol.a2m	7	aplib	245760	d88c16969bd7cbb8
Diode Milliampere/endless scroll.a2m	0	lzh	1138335	387148a1d799756d
Diode Milliampere/endless scroll.a2m	1	lzh	245760	967f2a71cbce2d6e
Diode Milliampere/endless scroll.a2m	2	lzh	245760	67f55a728a6e9cd5
Diode Milliampere/endless scroll.a2m	3	lzh	245760	e16755959ebc1d88
Diode Milliampere/endless scroll.a2m	4	lzh	245760	4e51cb9aa4af5344
Diode Milliampere/endless scroll.a2m	5	lzh	245760	036a67e1953840c8
Diode Milliampere/endless scroll.a2m	6	lzh	245760	6718ffcd966c859a
Diode Milliampere/endless scroll.a2m	7	lzh	245760	5bfdd3ce136469d5
Diode Milliampere/endless scroll.a2m	8	lzh	245760	e4fc2d1f2462be59
Diode Milliampere/endless scroll.a2m	9	lzh	245760	8e5224f772896e7c
Diode Milliampere/endless scroll.a2m	10	lzh	245760	9ebad3aa1f6c1c9c
Diode Milliampere/endless scroll.a2m	11	lzh	245760	e3a175afcfda8fe3
Diode Milliampere/endless scroll.a2m	12	lzh	245760	1ae034aca3110f5a
Diode Milliampere/greets fly!.a2m	0	lzh	1138335	5df2f939cd55dc70
Diode Milliampere/greets fly!.a2m	1	lzh	245760	a8c712a9fba525aa
Diode Milliampere/greets fly!.a2m	2	lzh	245760	8ac1fc6182c96a2d
Diode Milliampere/greets fly!.a2m	3	lzh	245760	34d79205517cd97e
Diode Milliampere/greets fly!.a2m	4	lzh	245760	d3d2ac21410de4aa
Diode Milliampere/greets fly!.a2m	5	lzh	245760	d95b000527eec9b9
Diode Milliampere/greets fly!.a2m	6	lzh	245760	0e6cfaccc30c7dfe
Diode Milliampere/greets fly!.a2m	7	lzh	245760	5b1f382b4f05a05f
Diode Milliampere/greets fly!.a2m	8	lzh	245760	87e083bc19efdac5
Diode Milliampere/greets fly!.a2m	9	lzh	245760	440024ec63fad81d
Diode Milliampere/keys.a2m	0	lzh	1138335	cc08d307e86275e8
Diode Milliampere/keys.a2m	1	lzh	245760	d8e21f534f79083a
Diode Milliampere/keys.a2m	2	lzh	245760	23fa620754748f45
Diode Milliampere/keys.a2m	3	lzh	245760	f06c333bb9b8eeb1
Diode Milliampere/keys.a2m	4	lzh	245760	908ac39de5631fe5
Diode Milliampere/keys.a2m	5	lzh	245760	1b60c2d8b09a4b30
Diode Milliampere/keys.a2m	6	lzh	245760	acdaba18a48defb9
Diode Milliampere/keys.a2m	7	lzh	245760	84c3b7a654faa945
Diode Milliampere/keys.a2m	8	lzh	245760	8c9dfc6a65ec9d94
Diode Milliampere/keys.a2m	9	lzh	245760	733c8cca5ec36c2c
Diode Milliampere/keys.a2m	10	lzh	245760	700cb64eb280c1a0
Diode Milliampere/keys.a2m	11	lzh	245760	b03b2fa1ea29d009
Diode Milliampere/milinda.a2m	0	aplib	1137182	65e1d4ffbfdc7451
Diode Milliampere/milinda.a2m	1	aplib	245760	093f54f6384343c9
Diode Milliampere/milinda.a2m	2	aplib	245760	51d2cab723de7a4a
Diode Milliampere/milinda.a2m	3	aplib	245760	7f4b94bcccab65e1
Diode Milliampere/milinda.a2m	4	aplib	245760	312c37c4da1f6269
Diode Milliampere/milinda.a2m	5	aplib	245760	e648737bd49d3afa
Diode Milliampere/milinda.a2m	6	aplib	245760	04343921d76a723b
Diode Milliampere/milinda.a2m	7	aplib	245760	dd81b4357fb91bed
Diode Milliampere/milinda.a2m	8	aplib	245760	cd3d81a7020d2325
Diode Milliampere/milinda.a2m	9	aplib	245760	896a041044725d51
Diode Milliampere/mutable signs.a2m	0	aplib	1137182	d49dc5305bed6189
Diode Milliampere/mutable signs.a2m	1	aplib	245760	2744016f7157e3d7
Diode Milliampere/mutable signs.a2m	2	aplib	245760	badbdd8d0c978b5a
Diode Milliampere/mutable signs.a2m	3	aplib	245760	797626f1ccc8d37e
Diode Milliampere/no72.a2m	0	lzh	1138335	f5c65598b2f63f78
Diode Milliampere/no72.a2m	1	lzh	245760	19735d485ad61805
Diode Milliampere/no72.a2m	2	lzh	245760	331346357a1ad078
Diode Milliampere/no72.a2m	3	lzh	245760	d04c026b933b0311
Diode Milliampere/no72.a2m	4	lzh	245760	22b512cbd207ac34
Diode Milliampere/no72.a2m	5	lzh	245760	fd254d9e5d607800
Diode Milliampere/no72.a2m	6	lzh	245760	cff827e7209c1869
Diode Milliampere/no72.a2m	7	lzh	245760	8764fdb1f071ab0b
Diode Milliampere/no72.a2m	8	lzh	245760	831c3b6b56c4f38d
Diode Milliampere/null.a2m	0	aplib	1137182	48e65f45a47a321d
Diode Milliampere/null.a2m	1	aplib	245760	551632685bb732b8
Diode Milliampere/odd time.a2m	0	aplib	1137182	b58b4325546ea24b
Diode Milliampere/odd time.a2m	1	aplib	245760	2c8f8c7dc64a3188
Diode Milliampere/odd time.a2m	2	aplib	245760	1ed544ef27243021
Diode Milliampere/odd time.a2m	3	aplib	245760	751d23c87939101e
Diode Milliampere/odd time.a2m	4	aplib	245760	4d17416c3e55a313
Diode Milliampere/odd time.a2m	5	aplib	245760	f2a3a193f8e3b855
Diode Milliampere/odd time.a2m	6	aplib	245760	b078acbb776d0941
Diode Milliampere/on planet zaxxon.a2m	0	aplib	1137182	b6095f1ede045d8a
Diode Milliampere/on planet zaxxon.a2m	1	aplib	245760	68ba02b4bea56356
Diode Milliampere/on planet zaxxon.a2m	2	aplib	245760	2a994e1a40062720
Diode Milliampere/on planet zaxxon.a2m	3	aplib	245760	925d03a18d6abc3c
Diode Milliampere/phone.a2m	0	lzh	1138335	74aa5a5e7071164a
Diode Milliampere/phone.a2m	1	lzh	245760	bde7b3f087ea6e27
Diode Milliampere/phone.a2m	2	lzh	245760	cd3d81a7020d2325
Diode Milliampere/phone.a2m	3	lzh	245760	cd3d81a7020d2325
Diode Milliampere/phone.a2m	4	lzh	245760	cd3d81a7020d2325
Diode Milliampere/phone.a2m	5	lzh	245760	ff05ea705bed53d8
Diode Milliampere/psg.a2m	0	aplib	1137182	b40b266330fb2b41
Diode Milliampere/psg.a2m	1	aplib	245760	50c6f6a40e9fa812
Diode Milliampere/psg.a2m	2	aplib	245760	3d5d9815320d2e90
Diode Milliampere/psg.a2m	3	aplib	245760	95bc938504779d6b
Diode Milliampere/psg.a2m	4	aplib	245760	5568c701acec1ac0
Diode Milliampere/psg.a2m	5	aplib	245760	293a688306abfcd3
Diode Milliampere/psg.a2m	6	aplib	245760	66084b929bf0e468
Diode Milliampere/psg.a2m	7	aplib	245760	4ff1ac9faf1b2d43
Diode Milliampere/rip.a2m	0	lzh	1138335	352792dc50636415
Diode Milliampere/rip.a2m	1	lzh	245760	9285012517e4c122
Diode Milliampere/rip.a2m	2	lzh	245760	76c10e1950ff02c5
Diode Milliampere/rip.a2m	3	lzh	245760	97a98331acb797b3
Diode Milliampere/rip.a2m	4	lzh	245760	fedb115566b7bed9
Diode Milliampere/rip.a2m	5	lzh	245760	3a8ac2a97b127d93
Diode Milliampere/rip.a2m	6	lzh	245760	ddaa8db67f9a431d
Diode Milliampere/rip.a2m	7	lzh	245760	bdeb9b936edd4412
Diode Milliampere/samsara.a2m	0	aplib	1137182	0a670de99b5307af
Diode Milliampere/samsara.a2m	1	aplib	245760	6d85e85f865b1023
Diode Milliampere/samsara.a2m	2	aplib	245760	2ac8580a0f657753
Diode Milliampere/samsara.a2m	3	aplib	245760	3b3c488e9239ed76
Diode Milliampere/samsara.a2m	4	aplib	245760	82a99c9a82beb9c4
Diode Milliampere/samsara.a2m	5	aplib	245760	8ec46211a3a3399d
Diode Milliampere/samsara.a2m	6	aplib	245760	3c5c3924bfb6d97d
Diode Milliampere/samsara.a2m	7	aplib	245760	14b700d8bce6bbe0
Diode Milliampere/squanchy.a2m	0	lzh	1138335	8e22a8e85d584dd7
Diode Milliampere/squanchy.a2m	1	lzh	245760	bd73ba6b80ac83b5
Diode Milliampere/squanchy.a2m	2	lzh	245760	7752cd16a1f32cc7
Diode Milliampere/squanchy.a2m	3	lzh	245760	7ec9aec25f0270a1
Diode Milliampere/squanchy.a2m	4	lzh	245760	a53c149c358c461c
Diode Milliampere/squanchy.a2m	5	lzh	245760	4cc80ba78fd5eecf
Diode Milliampere/squanchy.a2m	6	lzh	245760	6de0da548a9a3744
Diode Milliampere/squanchy.a2m	7	lzh	245760	9ab473f50190d4b0
Diode Milliampere/squanchy.a2m	8	lzh	245760	03e348f02d542a06
Diode Milliampere/squanchy.a2m	9	lzh	245760	4697a57db84ea69d
Diode Milliampere/xmission.a2m	0	aplib	1137182	8ed076a341cbff6b
Diode Milliampere/xmission.a2m	1	aplib	245760	4e833095833e439d
Diode Milliampere/xmission.a2m	2	aplib	245760	83c41d153412a6c8
Diode Milliampere/xmission.a2m	3	aplib	245760	ef23d14b9ecf2579
Drx/schwert und skelett mix.a2m	0	sixpack	11717	e46d3d21fc452863
Drx/schwert und skelett mix.a2m	1	sixpack	36864	9e15e5c6b9224f3a
Drx/schwert und skelett mix.a2m	2	sixpack	36864	c64f2bf17bf08080
Drx/schwert und skelett mix.a2m	3	sixpack	36864	c01e81ea891f3fee
Encore/crazy little techno beat.a2m	0	aplib	1137182	ff3cf2e8abb93f33
Encore/crazy little techno beat.a2m	1	aplib	245760	6ebe5ba3771a7ae2
Encore/crazy little techno beat.a2m	2	aplib	245760	b1eb23ddb1cb00b7
Encore/crazy little techno beat.a2m	3	aplib	245760	24b6ba7fa1630223
Encore/eric prydz vs retarded funk - call on me.a2m	0	aplib	1137182	e055fb37dca9fc23
Encore/eric prydz vs retarded funk - call on me.a2m	1	aplib	245760	ecb9ee39c9ea3dc2
Encore/fm house (version ii).a2m	0	aplib	1137182	64afc0a39696b144
Encore/fm house (version ii).a2m	1	aplib	245760	c8bf6f6233a1191a
Encore/fm house (version ii).a2m	2	aplib	245760	e494b739217f11ad
Encore/fm house (version ii).a2m	3	aplib	245760	274b93122b3ad243
Encore/fm house.a2m	0	aplib	1137182	8b472c89d47e499d
Encore/fm house.a2m	1	aplib	245760	64c5f6ec6016033b
Encore/fm house.a2m	2	aplib	245760	1be1872fdfc87b05
Encore/fm tekno!.a2m	0	aplib	1137182	566b2ec0d595d24c
Encore/fm tekno!.a2m	1	aplib	245760	a24f6e6957a4ad2a
Encore/fm tekno!.a2m	2	aplib	245760	88c11717ee5bb1fd
Encore/forest.a2m	0	aplib	1137182	739d21f08a2681df
Encore/forest.a2m	1	aplib	245760	1c5f7bfaa403ead7
Encore/forest.a2m	2	aplib	245760	94ab51c65eba2610
Encore/forest.a2m	3	aplib	245760	78c23cc086a8d99c
Encore/howard jones - what is love.a2m	0	aplib	1137182	61821a7de3ccedda
Encore/howard jones - what is love.a2m	1	aplib	245760	1985cb022357d89c
Encore/howard jones - what is love.a2m	2	aplib	245760	52f01c2646e7726b
Encore/howard jones - what is love.a2m	3	aplib	245760	628e1b5e7c891ba0
Encore/howard jones - what is love.a2m	4	aplib	245760	6acf140f6736542d
Encore/howard jones - what is love.a2m	5	aplib	245760	dd36fcddd16fddbc
Encore/howard jones - what is love.a2m	6	aplib	245760	77f62a9f9ce93cc5
Encore/karsten obarski - amegas.a2m	0	aplib	1137182	e6a971255ad1ca97
Encore/karsten obarski - amegas.a2m	1	aplib	245760	887a4e1f46a5ddf5
Encore/karsten obarski - amegas.a2m	2	aplib	245760	46fd67b5d84ee20a
Encore/kraftwerk - computer world.a2m	0	aplib	1137182	f799ea04e4340695
Encore/kraftwerk - computer world.a2m	1	aplib	245760	e28b751f641dda09
Encore/the absence of julia.a2m	0	aplib	1137182	c44eff3b8402e757
Encore/the absence of julia.a2m	1	aplib	245760	4f5b5b2ec8433e37
Encore/the absence of julia.a2m	2	aplib	245760	d0309d8f68f1742b
Ikuma/lardossian synthesis.a2m	0	aplib	1137182	5fd553b127334b3c
Ikuma/lardossian synthesis.a2m	1	aplib	245760	e030c71f9e99e070
Ikuma/lardossian synthesis.a2m	2	aplib	245760	6d9f350eb210818f
Konakonaa/DRGWRRTT.A2M	0	lzh	1138335	02e9b2b9b5bc635d
Konakonaa/DRGWRRTT.A2M	1	lzh	245760	b3e0ac4e6971a25c
Konakonaa/DWRRCSLO.A2M	0	lzh	1138335	6956471f7881e41f
Konakonaa/DWRRCSLO.A2M	1	lzh	245760	25bd5bd6effe8c94
Konakonaa/DWRRFILD.A2M	0	lzh	1138335	eb15c0f518b0576c
Konakonaa/DWRRFILD.A2M	1	lzh	245760	34d9bc30b78ad834
Konakonaa/EASTDSRT.A2M	0	lzh	1138335	6aed69369103ea0a
Konakonaa/EASTDSRT.A2M	1	lzh	245760	3187a994c2575771
Konakonaa/EASTDSRT.A2M	2	lzh	245760	465887fab5c91afe
Konakonaa/EASTDSRT.A2M	3	lzh	245760	cd3d81a7020d2325
Konakonaa/EASTDSRT.A2M	4	lzh	245760	cd3d81a7020d2325
Konakonaa/EASTDSRT.A2M	5	lzh	245760	7081eb5169fbf2c7
Konakonaa/ETWARAWK.A2M	0	lzh	1138338	4965fbea11966040
Konakonaa/ETWARAWK.A2M	1	lzh	245760	7084b2eecfd2d494
Konakonaa/ETWARAWK.A2M	2	lzh	245760	d2f9e6bc74ccba74
Konakonaa/ETWARAWK.A2M	3	lzh	245760	1a6218476b8ed8df
Konakonaa/ETWARAWK.A2M	4	lzh	245760	4548826116a3e443
Konakonaa/ETWARAWK.A2M	5	lzh	245760	9654011041fdf88a
Konakonaa/ETWARAWK.A2M	6	lzh	245760	738d4ea5949e64e1
Konakonaa/ETWARAWK.A2M	7	lzh	245760	f59bc1555db43e83
Konakonaa/ETWARAWK.A2M	8	lzh	245760	0c67be4dd910fd80
Konakonaa/ETWARAWK.A2M	9	lzh	245760	1dfedab225373de6
Konakonaa/ETWARAWK.A2M	10	lzh	245760	eeb4c10db4b2882d
Konakonaa/KONAHOME.A2M	0	lzh	1138338	983e81790672bae0
Konakonaa/KONAHOME.A2M	1	lzh	245760	7aa0071b5eb2f765
Konakonaa/KONAHOME.A2M	2	lzh	245760	52252351245ae4df
Konakonaa/LIMITBRK.A2M	0	lzh	1138338	3927b83448e4b650
Konakonaa/LIMITBRK.A2M	1	lzh	245760	03ea43187f737938
Konakonaa/LIMITBRK.A2M	2	lzh	245760	ea5ed79c73f99710
Konakonaa/LIMITBRK.A2M	3	lzh	245760	106f92bddfc304a8
Konakonaa/LIMITBRK.A2M	4	lzh	245760	46eaec686d389d86
Konakonaa/LIMITBRK.A2M	5	lzh	245760	ca86099e64d159da
Konakonaa/LOSTSPC.A2M	0	lzh	1138338	c40c292f5f87a9b3
Konakonaa/LOSTSPC.A2M	1	lzh	245760	0c6fcef18fb5c220
Konakonaa/LOSTSPC.A2M	2	lzh	245760	e61685a3761348c7
Konakonaa/MUTECITY.A2M	0	lzh	1138338	240fa027299b4bd7
Konakonaa/MUTECITY.A2M	1	lzh	245760	6c947644c61395a3
Konakonaa/SALTYGRV.A2M	0	lzh	1138335	11531a2144117d01
Konakonaa/SALTYGRV.A2M	1	lzh	245760	c1341573b55911cd
Konakonaa/SALTYGRV.A2M	2	lzh	245760	cf05b0625d57416b
Konakonaa/SALTYGRV.A2M	3	lzh	245760	0e7bd92b893a5beb
Konakonaa/TG_VEGAS.A2M	0	lzh	1138338	214ba316907582da
Konakonaa/TG_VEGAS.A2M	1	lzh	245760	92776789ce0e1b66
Konakonaa/TG_VEGAS.A2M	2	lzh	245760	c60738e041050250
Konakonaa/TG_VEGAS.A2M	3	lzh	245760	9b409423bfcafe7d
Konakonaa/TG_VEGAS.A2M	4	lzh	245760	16b714762707609a
Konakonaa/TG_VEGAS.A2M	5	lzh	245760	a48cd3046a965474
Konakonaa/TH04WDRM.A2M	0	lzh	1138338	8dad100589c3bfce
Konakonaa/TH04WDRM.A2M	1	lzh	245760	9ee5b532fa9a448e
Konakonaa/TH04WDRM.A2M	2	lzh	245760	f712c26d32d79d3e
Konakonaa/TH04WDRM.A2M	3	lzh	245760	3ef5d312d33fbfa8
Konakonaa/TOP-2ACT.A2M	0	lzh	1138338	c7a3eb97ba5b49c5
Konakonaa/TOP-2ACT.A2M	1	lzh	245760	2bfa17e445abdc42
Konakonaa/TOP-2ACT.A2M	2	lzh	245760	f44a3bce32a18c54
Konakonaa/TOP-2ACT.A2M	3	lzh	245760	ca94535eb88f07bc
Konakonaa/battletoads-surfcity-new1.a2m	0	lzh	1138335	07366f821191b68c
Konakonaa/battletoads-surfcity-new1.a2m	1	lzh	245760	46fba8356caa662b
Konakonaa/ff2-rebel-orch-pann.a2m	0	lzh	1138335	114324a3235794a1
Konakonaa/ff2-rebel-orch-pann.a2m	1	lzh	245760	07174e7ae89a7654
Konakonaa/ff2-rebel-orch-pann.a2m	2	lzh	245760	4f7f77cd1cb7a780
Konakonaa/kenseiden-stage1.a2m	0	lzh	1138335	b2cb4af3c78d1228
Konakonaa/kenseiden-stage1.a2m	1	lzh	245760	a9ecd73a1ecd342d
Konakonaa/pkmn-gsc-newbark.a2m	0	lzh	1138335	a6f57038a11dc7ad
Konakonaa/pkmn-gsc-newbark.a2m	1	lzh	245760	9f3f86c037082c96
Konakonaa/reflections.a2m	0	lzh	1138335	d85f7c9bb9e322dc
Konakonaa/reflections.a2m	1	lzh	245760	18b3bce0e8d33725
Kvee/mega man 3 title.a2m	0	lzh	1138335	267f935dc2547e1d
Kvee/mega man 3 title.a2m	1	lzh	245760	e213366c04d8b25d
Kvee/mega man 3 title.a2m	2	lzh	245760	c9e58bb9648ca0c6
Kvee/paradox #3.a2m	0	lzh	1138335	4d48dc556f86363e
Kvee/paradox #3.a2m	1	lzh	245760	f2d63a0699573487
Kvee/paradox #3.a2m	2	lzh	245760	7147d97a5422dcb4
Kvee/the sweetest sin.a2m	0	lzh	1138335	465575b9d7086dca
Kvee/the sweetest sin.a2m	1	lzh	245760	464e789375615545
Kvee/the sweetest sin.a2m	2	lzh	245760	4f4650e5efce4711
Kvee/the sweetest sin.a2m	3	lzh	245760	97fe15d344a26c50
Kvee/where are you.a2m	0	lzh	1138335	ba263945c8bbef8f
Kvee/where are you.a2m	1	lzh	245760	7731dfcaf0efaa89
Kvee/where are you.a2m	2	lzh	245760	9a5ca3d286282ade
Kvee/ym3812 funk.a2m	0	lzh	1138335	4b97fbc0a726ea32
Kvee/ym3812 funk.a2m	1	lzh	245760	b9c4c150bb0cf248
Kvee/ym3812 funk.a2m	2	lzh	245760	24199eed435b807d
MadBrain/grab bag.a2m	0	aplib	1137182	5c1fee4ac7561c85
MadBrain/grab bag.a2m	1	aplib	245760	ee750307160c166e
MadBrain/grab bag.a2m	2	aplib	245760	6850190b03e953a1
MadBrain/grab bag.a2m	3	aplib	245760	b78b301e1294ea3b
MadBrain/grab bag.a2m	4	aplib	245760	0963e359ccd1af4b
MadBrain/grab bag.a2m	5	aplib	245760	77d4768d19fac6b7
MadBrain/grab bag.a2m	6	aplib	245760	ddd2cf58f14e6779
MadBrain/international crisis.a2m	0	aplib	1137182	0ace520fd6b6e3f4
MadBrain/international crisis.a2m	1	aplib	245760	30f29fb687b199cf
MadBrain/international crisis.a2m	2	aplib	245760	812db8fae7bff632
MadBrain/international crisis.a2m	3	aplib	245760	6445adda61ef8536
MadBrain/oskari leads the investigation - intro.a2m	0	aplib	1137182	3cf0b886119c5162
MadBrain/oskari leads the investigation - intro.a2m	1	aplib	245760	66a7ed6a315871e9
MadBrain/oskari leads the investigation - intro.a2m	2	aplib	245760	f0485a42b057477d
MadBrain/oskari leads the investigation - intro.a2m	3	aplib	245760	b266fcb9a2cfbaa4
MadBrain/oskari the heimfanker.a2m	0	aplib	1137182	828f2609e557fa6a
MadBrain/oskari the heimfanker.a2m	1	aplib	245760	d29fa507b8f8acf4
MadBrain/oskari the heimfanker.a2m	2	aplib	245760	83f55606ff3731a7
MadBrain/oskari the heimfanker.a2m	3	aplib	245760	313cca8e19b1a6e1
MadBrain/oskari the heimfanker.a2m	4	aplib	245760	6bf21461adb061bf
MadBrain/oskari the heimfanker.a2m	5	aplib	245760	4e86ea9f11006f87
MadBrain/oskari the heimfanker.a2m	6	aplib	245760	5253bc8cb5f5fc31
MadBrain/oskari the heimfanker.a2m	7	aplib	245760	0081779dc91db9f9
MadBrain/oskari the heimfanker.a2m	8	aplib	245760	b18ccf7588d9353d
MadBrain/oskari travels to a new galaxy.a2m	0	aplib	1137182	96be0fbefb7956d2
MadBrain/oskari travels to a new galaxy.a2m	1	aplib	245760	eb62ba5bdd3a3e05
MadBrain/oskari travels to a new galaxy.a2m	2	aplib	245760	379eec82a6dcf447
MadBrain/oskari travels to a new galaxy.a2m	3	aplib	245760	1fb54e81ca332157
MadBrain/oskari travels to a new galaxy.a2m	4	aplib	245760	25621a3f5e81d82e
MadBrain/oskari wins the game!.a2m	0	aplib	1137182	a854a294e72d85aa
MadBrain/oskari wins the game!.a2m	1	aplib	245760	090b19aa100fe651
MadBrain/oskari wins the game!.a2m	2	aplib	245760	3273e9f185cd3e12
MadBrain/oskari's returns to soundblasterland.a2m	0	aplib	1137182	805fd427195c0e21
MadBrain/oskari's returns to soundblasterland.a2m	1	aplib	245760	57665d7166e47876
MadBrain/oskari's returns to soundblasterland.a2m	2	aplib	245760	1d75719438dbf900
MadBrain/oskari's returns to soundblasterland.a2m	3	aplib	245760	3af5c6e6f430785f
MadBrain/oskari's returns to soundblasterland.a2m	4	aplib	245760	36ab34afceac2288
MadBrain/oskari's returns to soundblasterland.a2m	5	aplib	245760	360962a9a1cdc658
MadBrain/oskari's returns to soundblasterland.a2m	6	aplib	245760	7b95181f7d0f9ff6
MadBrain/sinner.a2m	0	aplib	1137182	df0d099525f68b66
MadBrain/sinner.a2m	1	aplib	245760	5b94a830bf9e2310
MadBrain/sinner.a2m	2	aplib	245760	7f99d38ad5e79e6f
MadBrain/super mario bros level 1-2.a2m	0	aplib	1137182	c7fe1e46028cbde5
MadBrain/super mario bros level 1-2.a2m	1	aplib	245760	182ac96fdee909dc
MadBrain/weird sounding.a2m	0	aplib	1137182	e5a8806a2fbd8bbf
MadBrain/weird sounding.a2m	1	aplib	245760	f59f66b3186e5761
MadBrain/weird sounding.a2m	2	aplib	245760	b020aa1eadf5be61
MadBrain/whak.a2m	0	aplib	1137182	13bca17e07c50d46
MadBrain/whak.a2m	1	aplib	245760	51476143003fb2c7
MadBrain/whak.a2m	2	aplib	245760	33116717b41c0f62
Malfunction/analog trip.a2m	0	aplib	1137182	9d39a01be7120bb3
Malfunction/analog trip.a2m	1	aplib	245760	a8083d463688e685
Malfunction/analog trip.a2m	2	aplib	245760	291e1c08c8f7c76d
Malfunction/dancing on the glass.a2m	0	aplib	1137182	899f3694d175372b
Malfunction/dancing on the glass.a2m	1	aplib	245760	8de445c17818be2e
Malfunction/dancing on the glass.a2m	2	aplib	245760	bea08d3008dccfb2
Malfunction/dancing on the glass.a2m	3	aplib	245760	f2dc1b492a77bdb8
Malfunction/dancing on the glass.a2m	4	aplib	245760	36450eb76416f0f0
Malfunction/fm-tronikk (aka altair street dancer).a2m	0	lzh	1138338	17e2d17581169696
Malfunction/fm-tronikk (aka altair street dancer).a2m	1	lzh	245760	ab49859bf3cd373b
Malfunction/fm-tronikk (aka altair street dancer).a2m	2	lzh	245760	6c74ba1288ec6fbb
Malfunction/fm-tronikk (aka altair street dancer).a2m	3	lzh	245760	87920a38f67ef668
Malfunction/khaos (4kb intro tune).a2m	0	sixpack	11717	57f2ec4cc1a5b5fd
Malfunction/khaos (4kb intro tune).a2m	1	sixpack	36864	88b7d4c7f855f905
Malfunction/khaos (4kb intro tune).a2m	2	sixpack	36864	efc1732e309691fa
Malfunction/khaos 2 (4kb intro zak).a2m	0	sixpack	11717	ac18cdf06f9a7148
Malfunction/khaos 2 (4kb intro zak).a2m	1	sixpack	36864	3e8a4f667c97fc69
Malfunction/khaos 2 (4kb intro zak).a2m	2	sixpack	36864	1cf7bd0642b0f332
Malfunction/little boring trance.a2m	0	sixpack	11717	550da55cb9452bab
Malfunction/little boring trance.a2m	1	sixpack	36864	edba2ad0e5d660d1
Malfunction/little boring trance.a2m	2	sixpack	36864	33bea1d5e558eb18
Malfunction/little boring trance.a2m	3	sixpack	36864	c7a3a1fc12b7ae8d
Malfunction/little boring trance.a2m	4	sixpack	36864	404fafc3143cbd9b
Malfunction/oldsk00l songs - chapter 001.a2m	0	sixpack	11717	9d7a72fd44f658ba
Malfunction/oldsk00l songs - chapter 001.a2m	1	sixpack	36864	4db1416192a2d99e
Malfunction/oldsk00l songs - chapter 001.a2m	2	sixpack	36864	a1ba5d3d0be27d29
Malfunction/oldsk00l songs - chapter 002.a2m	0	sixpack	11717	45ad8f1d7b9052f3
Malfunction/oldsk00l songs - chapter 002.a2m	1	sixpack	36864	7e8a529557b04e93
Malfunction/oldsk00l songs - chapter 002.a2m	2	sixpack	36864	a8e7fc92c21ecf3d
Malfunction/opl303.a2m	0	lzh	1138335	a5076ba581fc9e26
Malfunction/opl303.a2m	1	lzh	245760	3f8bcac34efca48b
Malfunction/opl303.a2m	2	lzh	245760	287dcf3927183008
Malfunction/opl303.a2m	3	lzh	245760	ec5a8421c529553c
Malfunction/opl303.a2m	4	lzh	245760	072fdea02d93f0ce
Malfunction/opl303.a2m	5	lzh	245760	cf4976b3070b0d9f
Malfunction/pink chiptune.a2m	0	aplib	1137182	31a6e528858084b3
Malfunction/pink chiptune.a2m	1	aplib	245760	ca134551b87d18c7
Malfunction/space dive.a2m	0	aplib	1137182	93df84cd535ccaff
Malfunction/space dive.a2m	1	aplib	245760	dcdd65d37b46bf99
Malfunction/space dive.a2m	2	aplib	245760	249d4e9bba5173df
Malfunction/space dive.a2m	3	aplib	245760	4146fd5f0ce53304
Malfunction/space dive.a2m	4	aplib	245760	2d41f73b9f6da86a
Meritaehti/ceydip5ll-6.a2m	0	lzh	1138335	7451c91a1a6bef0c
Meritaehti/ceydip5ll-6.a2m	1	lzh	245760	532f62dc6c01fb50
Meritaehti/ceydip5ll-6.a2m	2	lzh	245760	e41e136827187994
Meritaehti/ceydip5ll-6.a2m	3	lzh	245760	41da6a25c1244e1c
Meritaehti/ceydip5ll-6.a2m	4	lzh	245760	3611606206265ff4
NAB622/bad apple.a2m	0	aplib	1137182	d612cda6ac3d14e1
NAB622/bad apple.a2m	1	aplib	245760	0ffa09f514ccf1cf
NAB622/bad apple.a2m	2	aplib	245760	51bb3062f521c757
NAB622/bad apple.a2m	3	aplib	245760	978f418761d1b263
NAB622/bad apple.a2m	4	aplib	245760	7f82fa871b9aac07
NAB622/bad apple.a2m	5	aplib	245760	b142ba80b93a0714
NAB622/bad apple.a2m	6	aplib	245760	4b760c64ba6d0990
NAB622/bad apple.a2m	7	aplib	245760	85e9fe80724c5014
NAB622/bad apple.a2m	8	aplib	245760	f871eb1863b4572e
NAB622/bad apple.a2m	9	aplib	245760	00e33ed0a6089445
NAB622/bad apple.a2m	10	aplib	245760	942b46c2d118a20f
NAB622/bad apple.a2m	11	aplib	245760	f51368c1055e5820
NAB622/bad apple.a2m	12	aplib	245760	2abd9a804b361d28
NAB622/bad apple.a2m	13	aplib	245760	51b3b255102d9689
NAB622/corridors of time.a2m	0	aplib	1137182	947c5777c785a3d3
NAB622/corridors of time.a2m	1	aplib	245760	502d38e8010d4f62
NAB622/corridors of time.a2m	2	aplib	245760	49998bc9a4a7c13b
NAB622/corridors of time.a2m	3	aplib	245760	d8d0120f5fa70aa0
NAB622/corridors of time.a2m	4	aplib	245760	cd3d81a7020d2325
NAB622/corridors of time.a2m	5	aplib	245760	a5b74472f20ac7ae
NAB622/rainbow factory.a2m	0	aplib	1137182	bcc3cc4433681c93
NAB622/rainbow factory.a2m	1	aplib	245760	2f15dfc45a43f0ba
NAB622/rainbow factory.a2m	2	aplib	245760	785d9ee88aa53118
NAB622/rainbow factory.a2m	3	aplib	245760	fb722d1b9a64c785
NAB622/rainbow factory.a2m	4	aplib	245760	cd3d81a7020d2325
NAB622/rainbow factory.a2m	5	aplib	245760	b280b11bfa0700e1
NAB622/rainbow factory.a2m	6	aplib	245760	49c62f7a82e48147
NAB622/rainbow factory.a2m	7	aplib	245760	425bf3f339ab1c7b
NAB622/rainbow factory.a2m	8	aplib	245760	f3e8dadf8789e80f
NAB622/rainbow factory.a2m	9	aplib	245760	e941ce2c943e31d0
NAB622/rainbow factory.a2m	10	aplib	245760	3496c3bb14e10a93
NAB622/rainbow factory.a2m	11	aplib	245760	34e4132effc6e110
Nula/cracker.a2m	0	sixpack	11717	5c87e12fafcbba92
Nula/cracker.a2m	1	sixpack	36864	148604f779b3bfb2
Nula/cracker.a2m	2	sixpack	36864	7b0444228df8a0cb
Nula/fresh.a2m	0	sixpack	11717	c678d883ef16805a
Nula/fresh.a2m	1	sixpack	36864	24f9ab4c74bef028
Nula/fresh.a2m	2	sixpack	36864	ece6d3f2ecedb753
Nula/gummi bjornarna.a2m	0	sixpack	11717	2a71414568b7df3c
Nula/gummi bjornarna.a2m	1	sixpack	36864	8c9fbee2df1d1acb
Nula/imadick.a2m	0	sixpack	11717	30c9821c72cda88b
Nula/imadick.a2m	1	sixpack	36864	1538ddb758daf099
Nula/kulje.a2m	0	sixpack	11716	ba16d53989457de9
Nula/kulje.a2m	1	sixpack	36864	cf0404ddc2f84fe5
Nula/matkamies.a2m	0	sixpack	11716	ab9e1fef4ab74a42
Nula/matkamies.a2m	1	sixpack	36864	96bdc40e1115eb2f
Nula/menuloader.a2m	0	sixpack	11717	fd36284e887be6c7
Nula/menuloader.a2m	1	sixpack	36864	35f96baa1d37239b
Nula/onward.a2m	0	aplib	1124517	84bea2dbe6c237d1
Nula/onward.a2m	1	aplib	245760	fefe16e50a164f57
Nula/onward.a2m	2	aplib	245760	5851eec52b21fb36
Nula/onward.a2m	3	aplib	245760	4be007c2c57235d6
Nula/pogroma game loader.a2m	0	sixpack	11717	484b3e3374fa0f31
Nula/pogroma game loader.a2m	1	sixpack	36864	03ec6f292d231d70
Nula/pogroma game loader.a2m	2	sixpack	36864	cc75f0195e39e2d1
Nula/prehistorik (2nd version).a2m	0	sixpack	11717	467c88f174e7c106
Nula/prehistorik (2nd version).a2m	1	sixpack	36864	ddfd539d4509b698
Nula/prehistorik (2nd version).a2m	2	sixpack	36864	fc707c3b8679d7a5
Nula/prehistorik (2nd version).a2m	3	sixpack	36864	bc0cc51c68b0b381
Nula/prehistorik (2nd version).a2m	4	sixpack	36864	9d5c540a00ece63c
Nula/prehistorik.a2m	0	sixpack	11717	b62776ef80960fec
Nula/prehistorik.a2m	1	sixpack	36864	ddfd539d4509b698
Nula/prehistorik.a2m	2	sixpack	36864	fc707c3b8679d7a5
Nula/prehistorik.a2m	3	sixpack	36864	bc0cc51c68b0b381
Nula/prehistorik.a2m	4	sixpack	36864	9d5c540a00ece63c
Nula/psycho3x.a2m	0	sixpack	11717	f01c152a515e35b5
Nula/psycho3x.a2m	1	sixpack	36864	264a88f58eced374
Nula/psycho5.a2m	0	sixpack	11717	da6693067a0486cc
Nula/psycho5.a2m	1	sixpack	36864	38c8538aa2eccef1
Nula/sparapaaczci.a2m	0	sixpack	11717	3c8365d63f35d307
Nula/sparapaaczci.a2m	1	sixpack	36864	59ecba3797d143a5
Nula/super mario.a2m	0	sixpack	11716	e3a9b7265413cf75
Nula/super mario.a2m	1	sixpack	36864	15bf715364d65804
Nula/unreal.a2m	0	sixpack	11716	b1a6b92b0e9ec876
Nula/unreal.a2m	1	sixpack	36864	5311533721447f57
Nula/unreal2.a2m	0	sixpack	11716	69e8745de1af8c20
Nula/unreal2.a2m	1	sixpack	36864	b9df31d89d7d3248
Nula/worms.a2m	0	sixpack	11716	604ddda730ec2c75
Nula/worms.a2m	1	sixpack	36864	22b7e01dd1f61248
Nula/zalza (gote gar pa tivoli).a2m	0	sixpack	11717	af04b4328d61c765
Nula/zalza (gote gar pa tivoli).a2m	1	sixpack	36864	5035f7287689fc9c
Nula/zandax.a2m	0	sixpack	11716	235118b83d17d7b2
Nula/zandax.a2m	1	sixpack	36864	a4f523fcd671b1ce
Nula/zen-bowling.a2m	0	sixpack	11717	4415fc253cb2399d
Nula/zen-bowling.a2m	1	sixpack	36864	2ba32e75c0a1d105
OxygenStar/bagel bite beats.a2m	0	aplib	1137182	fd9cdc5ba8f17ec2
OxygenStar/bagel bite beats.a2m	1	aplib	245760	86aa4790854889ce
OxygenStar/bagel bite beats.a2m	2	aplib	245760	cb754b39f483ea16
OxygenStar/big trouble in little china.a2m	0	aplib	1137182	ca2ac680b6d473a6
OxygenStar/big trouble in little china.a2m	1	aplib	245760	b9c653e333e4811d
OxygenStar/big trouble in little china.a2m	2	aplib	245760	7c20109c4dbf77b0
OxygenStar/big trouble in little china.a2m	3	aplib	245760	37f8b6b089853318
OxygenStar/big trouble in little china.a2m	4	aplib	245760	d1c67caeb84a6242
OxygenStar/big trouble in little china.a2m	5	aplib	245760	95ac2fb949fc2c21
OxygenStar/big trouble in little china.a2m	6	aplib	245760	79778afd62d70fa5
OxygenStar/big trouble in little china.a2m	7	aplib	245760	9f33ba9d1ddabd9d
OxygenStar/big trouble in little china.a2m	8	aplib	245760	baea572d3ea3543f
OxygenStar/big trouble in little china.a2m	9	aplib	245760	e6e14d114cb779a5
OxygenStar/bring the pain.a2m	0	aplib	1137182	b598e9f1e2452824
OxygenStar/bring the pain.a2m	1	aplib	245760	debf89d914006e57
OxygenStar/bring the pain.a2m	2	aplib	245760	fa4ee4f5bd6e4078
OxygenStar/bring the pain.a2m	3	aplib	245760	40fab198ff317cf0
OxygenStar/bring the pain.a2m	4	aplib	245760	69b89c1d980d20aa
OxygenStar/bring the pain.a2m	5	aplib	245760	bbdf7509ea32b236
OxygenStar/bring the pain.a2m	6	aplib	245760	cd3d81a7020d2325
OxygenStar/bring the pain.a2m	7	aplib	245760	4b8aeadf441ec972
OxygenStar/c3 comp entry.a2m	0	aplib	1137182	69690eedf3f4f1d3
OxygenStar/c3 comp entry.a2m	1	aplib	245760	afb142be95af9b2e
OxygenStar/c3 comp entry.a2m	2	aplib	245760	0218c624172fdcb4
OxygenStar/c3 comp entry.a2m	3	aplib	245760	e4c3dad3287c4093
OxygenStar/enjoy the violence.a2m	0	aplib	1137182	657eb44b413fa72d
OxygenStar/enjoy the violence.a2m	1	aplib	245760	2e27e4b927187609
OxygenStar/enjoy the violence.a2m	2	aplib	245760	f7117479e510c3da
OxygenStar/enjoy the violence.a2m	3	aplib	245760	8adcb70a57cf8183
OxygenStar/enjoy the violence.a2m	4	aplib	245760	6728e99ead7118bf
OxygenStar/enjoy the violence.a2m	5	aplib	245760	cd3d81a7020d2325
OxygenStar/enjoy the violence.a2m	6	aplib	245760	cd3d81a7020d2325
OxygenStar/enjoy the violence.a2m	7	aplib	245760	4c2dcc32957c1c0a
OxygenStar/enjoy the violence.a2m	8	aplib	245760	cb28177bf2f143dc
OxygenStar/enjoy the violence.a2m	9	aplib	245760	cd3d81a7020d2325
OxygenStar/enjoy the violence.a2m	10	aplib	245760	cd3d81a7020d2325
OxygenStar/enjoy the violence.a2m	11	aplib	245760	addee3ee8d435465
OxygenStar/enjoy this gift !!.a2m	0	aplib	1137182	14f0f3429366516b
OxygenStar/enjoy this gift !!.a2m	1	aplib	245760	362a52f92314a035
OxygenStar/enjoy this gift !!.a2m	2	aplib	245760	02ee988fa970ede6
OxygenStar/enjoy this gift !!.a2m	3	aplib	245760	f615ff0bf19e148d
OxygenStar/enjoy this gift !!.a2m	4	aplib	245760	19315b0a9279f035
OxygenStar/enjoy this gift !.a2m	0	aplib	1137182	c0aee22563d9ea33
OxygenStar/enjoy this gift !.a2m	1	aplib	245760	53fee0a3f8580f19
OxygenStar/enjoy this gift !.a2m	2	aplib	245760	7b074aaf06138c6d
OxygenStar/enjoy this gift !.a2m	3	aplib	245760	e4ee01985ad22a16
OxygenStar/from ''deaf compo''.a2m	0	aplib	1137182	99061c789fe84f06
OxygenStar/from ''deaf compo''.a2m	1	aplib	245760	496ebe80d73c1949
OxygenStar/from ''deaf compo''.a2m	2	aplib	245760	611a43a113d0c413
OxygenStar/from ''deaf compo''.a2m	3	aplib	245760	6cc6ff0f440a3629
OxygenStar/from ''deaf compo''.a2m	4	aplib	245760	568e2f45fff58d29
OxygenStar/ghosts n stuff (deadmau5 cover).a2m	0	aplib	1137182	fe5116b936998bc4
OxygenStar/ghosts n stuff (deadmau5 cover).a2m	1	aplib	245760	52e1dd62cab150fd
OxygenStar/ghosts n stuff (deadmau5 cover).a2m	2	aplib	245760	94780fe51d4129d2
OxygenStar/ghosts n stuff (deadmau5 cover).a2m	3	aplib	245760	4733001e69d33a0c
OxygenStar/ghosts n stuff (deadmau5 cover).a2m	4	aplib	245760	51956aa19c3cee90
OxygenStar/ghosts n stuff (deadmau5 cover).a2m	5	aplib	245760	1ad6fe159e8f4eb5
OxygenStar/ghosts n stuff (deadmau5 cover).a2m	6	aplib	245760	75606b3b7cf6901b
OxygenStar/ghosts n stuff (deadmau5 cover).a2m	7	aplib	245760	ad62c5c5af542774
OxygenStar/ghosts n stuff (deadmau5 cover).a2m	8	aplib	245760	c0fe02a48689354e
OxygenStar/i used to love her.a2m	0	aplib	1137182	ac1cf86fd938874d
OxygenStar/i used to love her.a2m	1	aplib	245760	240521947da0de66
OxygenStar/i used to love her.a2m	2	aplib	245760	0b6db04ef43ac19d
OxygenStar/i used to love her.a2m	3	aplib	245760	143d0a59c9b05fb9
OxygenStar/i used to love her.a2m	4	aplib	245760	7e11950545581f28
OxygenStar/involuntary surgery.a2m	0	aplib	1137182	68e4d138a1abcdcb
OxygenStar/involuntary surgery.a2m	1	aplib	245760	b385276e18682284
OxygenStar/involuntary surgery.a2m	2	aplib	245760	c69232d6db645d4b
OxygenStar/involuntary surgery.a2m	3	aplib	245760	3d1408295ec3a388
OxygenStar/involuntary surgery.a2m	4	aplib	245760	81d202606e0a4b2e
OxygenStar/involuntary surgery.a2m	5	aplib	245760	f94e5f7b9c413d86
OxygenStar/involuntary surgery.a2m	6	aplib	245760	51236f409a141914
OxygenStar/involuntary surgery.a2m	7	aplib	245760	d9c6a466fc9a0333
OxygenStar/involuntary surgery.a2m	8	aplib	245760	f6fdadd7f99296a2
OxygenStar/involuntary surgery.a2m	9	aplib	245760	cd3d81a7020d2325
OxygenStar/involuntary surgery.a2m	10	aplib	245760	cd3d81a7020d2325
OxygenStar/involuntary surgery.a2m	11	aplib	245760	cd3d81a7020d2325
OxygenStar/involuntary surgery.a2m	12	aplib	245760	cd3d81a7020d2325
OxygenStar/involuntary surgery.a2m	13	aplib	245760	cd3d81a7020d2325
OxygenStar/involuntary surgery.a2m	14	aplib	245760	cd3d81a7020d2325
OxygenStar/involuntary surgery.a2m	15	aplib	245760	60be3183e3ed0247
OxygenStar/involuntary surgery.a2m	16	aplib	245760	2ede980c84288610
OxygenStar/left out.a2m	0	aplib	1137182	65f5e34c52894954
OxygenStar/left out.a2m	1	aplib	245760	0bd56c2cb1e19a5a
OxygenStar/left out.a2m	2	aplib	245760	be4ded68c7081204
OxygenStar/left out.a2m	3	aplib	245760	b89e5d37b08d5683
OxygenStar/left out.a2m	4	aplib	245760	5ece7f43d5a82222
OxygenStar/oxygenstar's instrument set #001.a2m	0	aplib	1137182	d7b6411da3340dc3
OxygenStar/oxygenstar's instrument set #001.a2m	1	aplib	245760	cd3d81a7020d2325
OxygenStar/the complete devastation of planet earth.a2m	0	aplib	1137182	69a012d2b262c1d6
OxygenStar/the complete devastation of planet earth.a2m	1	aplib	245760	7bcf4d68b5fd8697
OxygenStar/the complete devastation of planet earth.a2m	2	aplib	245760	1a980cbfbcd42df1
OxygenStar/the complete devastation of planet earth.a2m	3	aplib	245760	feb32c6e2b456125
OxygenStar/the complete devastation of planet earth.a2m	4	aplib	245760	826605401fd2c09d
OxygenStar/the complete devastation of planet earth.a2m	5	aplib	245760	cd3d81a7020d2325
OxygenStar/the complete devastation of planet earth.a2m	6	aplib	245760	0fd3f03692d19b0c
OxygenStar/the complete devastation of planet earth.a2m	7	aplib	245760	97226657094d5aad
OxygenStar/the complete devastation of planet earth.a2m	8	aplib	245760	759083ed8e38ede2
OxygenStar/the lazy gnome.a2m	0	aplib	1137182	fb9039a32f2dda7e
OxygenStar/the lazy gnome.a2m	1	aplib	245760	86b4cb6a54bb7a8d
OxygenStar/the lazy gnome.a2m	2	aplib	245760	8094c36fba065e0e
OxygenStar/universal health scare.a2m	0	aplib	1137182	b8309f4c28282472
OxygenStar/universal health scare.a2m	1	aplib	245760	117e1130245b1fc1
OxygenStar/universal health scare.a2m	2	aplib	245760	4e08a4073275feb0
OxygenStar/universal health scare.a2m	3	aplib	245760	c5cc26ef53132ced
OxygenStar/universal health scare.a2m	4	aplib	245760	87959655c29e4608
OxygenStar/universal health scare.a2m	5	aplib	245760	d7bd353411e15e02
OxygenStar/universal health scare.a2m	6	aplib	245760	30967de5f315dc5c
OxygenStar/universal health scare.a2m	7	aplib	245760	ecddc6483c9fcb42
OxygenStar/universal health scare.a2m	8	aplib	245760	6af91880fc4260a7
OxygenStar/universal health scare.a2m	9	aplib	245760	d91b599e0158fd58
OxygenStar/universal health scare.a2m	10	aplib	245760	f29b4c2bacb3f585
OxygenStar/universal health scare.a2m	11	aplib	245760	9ba3c17c0eb27088
Peter Gantar/andromeda.a2m	0	lzh	1138338	087325e378a62ed9
Peter Gantar/andromeda.a2m	1	lzh	245760	c27d95a0d6198ad3
Peter Gantar/andromeda.a2m	2	lzh	245760	cd3d81a7020d2325
Peter Gantar/andromeda.a2m	3	lzh	245760	11d07464fd37b245
Subz3ro/1942.a2m	0	aplib	1124517	0a3b90d3659e1ea7
Subz3ro/1942.a2m	1	aplib	245760	15e7f4e982093048
Subz3ro/1942.a2m	2	aplib	245760	d41ee7e8aaf6908d
Subz3ro/alloyrun (remastered version).a2m	0	sixpack	11716	43d63585128b25ce
Subz3ro/alloyrun (remastered version).a2m	1	sixpack	36864	ef3509dcf71e6d12
Subz3ro/class05.a2m	0	sixpack	11716	7f5e9c1dcdc97582
Subz3ro/class05.a2m	1	sixpack	36864	e7974eeccb5d6aca
Subz3ro/crack it.a2m	0	sixpack	11716	792d6137d4b29488
Subz3ro/crack it.a2m	1	sixpack	36864	db5d89e77448b0a3
Subz3ro/d3lta r3mix.a2m	0	sixpack	11717	45af7349e70979dc
Subz3ro/d3lta r3mix.a2m	1	sixpack	36864	a63ce9259c39ca41
Subz3ro/d3lta r3mix.a2m	2	sixpack	36864	af3562e201dedbba
Subz3ro/fm63b-rv (remastered version).a2m	0	aplib	1137182	7aafe4ddb2235cf1
Subz3ro/fm63b-rv (remastered version).a2m	1	aplib	245760	457c1eaed39b6682
Subz3ro/intro-tune coop.a2m	0	sixpack	11716	4b3990f5c0303a49
Subz3ro/intro-tune coop.a2m	1	sixpack	36864	c8baa74e5fb7e70e
Subz3ro/psychedelic sound synthesis.a2m	0	aplib	1124538	97dbae7757992228
Subz3ro/psychedelic sound synthesis.a2m	1	aplib	245760	eb45708a3e8037c5
Televicious/asynth.a2m	0	lzh	1138338	86781ec8cf337720
Televicious/asynth.a2m	1	lzh	245760	a642c69ac2405d37
Televicious/asynth.a2m	2	lzh	245760	5bcea014fdcc2596
Televicious/asynth.a2m	3	lzh	245760	90f58b6d6ea231b6
Televicious/ayeyayay.a2m	0	lzh	1138338	f444bfe490cfc9ec
Televicious/ayeyayay.a2m	1	lzh	245760	fe4a8fe263932d65
Televicious/ayeyayay.a2m	2	lzh	245760	80b23a76a3cc0ae4
Televicious/ayeyayay.a2m	3	lzh	245760	e6ed62e2df25d310
Televicious/badlibdi.a2m	0	lzh	1138338	de82512a695b7774
Televicious/badlibdi.a2m	1	lzh	245760	85e093bdf6f7fc74
Televicious/badlibdi.a2m	2	lzh	245760	157c4b85e0f9ead1
Televicious/badlibdi.a2m	3	lzh	245760	67fdde4dfcf99c68
Televicious/boom.a2m	0	lzh	1138338	d9b68665cd7d74bc
Televicious/boom.a2m	1	lzh	245760	a19ad3fdca46fd16
Televicious/boom.a2m	2	lzh	245760	a9499defb237796b
Televicious/boom.a2m	3	lzh	245760	e80b93bbd4365525
Televicious/clear.a2m	0	lzh	1138338	3ff40dc517609010
Televicious/clear.a2m	1	lzh	245760	789936ac509cc827
Televicious/clear.a2m	2	lzh	245760	47feb3f7b3cb7c89
Televicious/cwakas.a2m	0	lzh	1138338	882e135a830d0d91
Televicious/cwakas.a2m	1	lzh	245760	037998a5680b8396
Televicious/cwakas.a2m	2	lzh	245760	e9a882ba44d76c5c
Televicious/deadleav.a2m	0	lzh	1138338	c0b888876b31236f
Televicious/deadleav.a2m	1	lzh	245760	8500aa7715d762e9
Televicious/deadleav.a2m	2	lzh	245760	649aa13ac5d0ef5c
Televicious/dim.a2m	0	lzh	1138338	fce396e97dea4f43
Televicious/dim.a2m	1	lzh	245760	2044cab02b4bc45e
Televicious/dim.a2m	2	lzh	245760	aa498bc380e577fd
Televicious/dim.a2m	3	lzh	245760	8013b8513e4b5149
Televicious/discwrld.a2m	0	lzh	1138338	49a6788ba799aec6
Televicious/discwrld.a2m	1	lzh	245760	2773d2ed9d72ae1b
Televicious/fmnexus6.a2m	0	lzh	1138338	2645cb9b4ec2a094
Televicious/fmnexus6.a2m	1	lzh	245760	c2c6040096ac18ff
Televicious/fmnexus6.a2m	2	lzh	245760	30c1c95e59be49fb
Televicious/fmnexus6.a2m	3	lzh	245760	a9b5997fb1aee3f5
Televicious/gatearry.a2m	0	lzh	1138338	8fbe6eadda277b57
Televicious/gatearry.a2m	1	lzh	245760	f36322ffad5f2545
Televicious/gatearry.a2m	2	lzh	245760	b481fff82c88ce7d
Televicious/gatearry.a2m	3	lzh	245760	773b3ce588497577
Televicious/phased.a2m	0	lzh	1138338	0d07aa644ba96825
Televicious/phased.a2m	1	lzh	245760	ade9cd5e1053216a
Televicious/phased.a2m	2	lzh	245760	0cc657eb07f07245
Televicious/revenge.a2m	0	lzh	1138338	11cddfde90081389
Televicious/revenge.a2m	1	lzh	245760	87524768d793451e
Televicious/revenge.a2m	2	lzh	245760	a02729dd40cb03bc
Televicious/revenge.a2m	3	lzh	245760	d55a68958362ad5e
Televicious/revenge.a2m	4	lzh	245760	4c0d52f5d408a30b
Televicious/revenge.a2m	5	lzh	245760	cd3d81a7020d2325
Televicious/revenge.a2m	6	lzh	245760	85f74032dd015f8e
Televicious/rockin.a2m	0	lzh	1138338	bc88b988f7ed4c3a
Televicious/rockin.a2m	1	lzh	245760	e609b25bcda83aa5
Televicious/rockin.a2m	2	lzh	245760	9a54a4761515e681
Televicious/rockin.a2m	3	lzh	245760	45b0d3583f0796aa
Televicious/rockin.a2m	4	lzh	245760	8caa433b64881c48
Televicious/shophard.a2m	0	lzh	1138338	0d7c4354293dc837
Televicious/shophard.a2m	1	lzh	245760	835fa559d37e2f03
Televicious/shophard.a2m	2	lzh	245760	6a807329683ec3fe
Televicious/shophard.a2m	3	lzh	245760	2b3f5f4ad3254e1a
Televicious/suffer.a2m	0	lzh	1138338	27dfb1b55bafe72a
Televicious/suffer.a2m	1	lzh	245760	358667a4109ac42a
Televicious/suffer.a2m	2	lzh	245760	81a054240131e3a6
Televicious/suffer.a2m	3	lzh	245760	5a511b37a6df2dea
Televicious/suffer.a2m	4	lzh	245760	b644b0ab85371a72
Televicious/topgear2.a2m	0	lzh	1138338	f98d98ddb4f17ac9
Televicious/topgear2.a2m	1	lzh	245760	68e7f5055f532c11
Televicious/topgear2.a2m	2	lzh	245760	ddec7ad39bd124c2
Televicious/watercry.a2m	0	lzh	1138338	13d7025e403cf8b6
Televicious/watercry.a2m	1	lzh	245760	d50c178d2dd1e71b
Televicious/watercry.a2m	2	lzh	245760	e3dbfb9ab4a812fb
Televicious/yellatfl.a2m	0	lzh	1138338	cee1f9dff48ab21d
Televicious/yellatfl.a2m	1	lzh	245760	9071e29ba7b20618
Televicious/yellowwe.a2m	0	lzh	1138338	3d62b2b698652ba8
Televicious/yellowwe.a2m	1	lzh	245760	88441c4894962894
Televicious/yellowwe.a2m	2	lzh	245760	005386d8db2a7877
